"Абаканович, Бруно",0,1,,,,,,,,,,,,,,,,,,,,,,,,,,,,,,,
"Абрамов, Александр Александрович (математик)",1,6,0,0,1926,2014,11402,8,22,0,1497,0,0,9,8,3,,,,,,,136,619,9,Абрамов Александр Александрович,88,472,12338,,,,да
"Абрамов, Александр Михайлович",,,,,,2015,,,,,,,,,,,,,,,,,,,,,,,,,,,
"Абрамов, Сергей Михайлович (учёный)",1,1,,,,,,,,,,,,,,,,,,,,,,,,,,,,,,,
"Абрашкин, Виктор Александрович",1,1,0,0,,2016,3670,3,4,0,282,0,2,1,9,4,,,,,,,35,81,4,Абрашкин Виктор Александрович,35,52,2587,,,,да
"Абросимов, Александр Викторович",1,1,0,0,1948,2011,14522,12,36,2,1829,0,2,3,20,0,,,,,,,3,1,1,Абросимов А В,4,13,373,,,,нет
"Авдеев, Николай Яковлевич",1,1,,,,,,,,,,,,,,,,,,,,,,,,,,,,,,,
"Агаков, Всеволод Георгиевич",1,1,0,0,1979,2010,21977,27,65,0,853,0,2,9,103,3,,,,,,,,,,,,,,,,,
"Агаханов, Назар Хангельдыевич",1,1,0,0,1954,2008,12407,37,91,1,3588,0,6,6,39,3,,,,,,,35,80,3,Агаханов Назар Хангельдыевич,2,1,156,,,,нет
"Агрест, Матест Менделевич",1,1,0,0,1915,2006,7490,30,52,1,2727,0,7,5,36,2,,,,,,,,,,Агрест М М,7,,421,,,,нет
"Агокас, Сергей Викторович",0,1,,,,,,,,,,,,,,,,,,,,,,,,,,,,,,,
"Адамян, Вадим Мовсесович",1,1,0,0,1938,2009,10899,21,67,4,1119,0,2,5,55,1,,,V.M. Adamyan,2570,21,36,,,,Адамян Вадим Мовсесович,12,213,3451,,,,нет
"Адельсон-Вельский, Георгий Максимович",1,1,0,0,1922,2007,6958,47,88,12,2637,0,9,14,24,1,,,,,,,,,,Адельсон-Вельский Г М,5,5,999,,,,да
"Адодуров, Василий Евдокимович",,1,,,,,,,,,,,,,,,,,,,,,,,,,,,,,,,
"Адян, Сергей Иванович",1,7,1,0,1931,2010,5929,25,47,6,2097,0,3,15,30,0,,,,,,,86,490,7,Адян Сергей Иванович,68,391,15362,,,,да
"Азбелев, Николай Викторович",1,6,0,0,1922,2011,7646,17,31,2,652,0,2,2,38,4,,,,,,,64,1017,8,Азбелев Николай Викторович,31,73,2188,,,,да
"Акбергенов, Ибадулла",1,1,0,0,1907,2015,3636,2,6,1,324,0,2,0,11,1,,,,,,,,,,Акбергенов И А,1,1,265,,,,нет
"Акилов, Глеб Павлович",1,5,0,0,1921,2016,12322,3,16,0,354,0,2,9,27,3,,,,,,,,,,Акилов Глеб Павлович,,,1361,,,,да
"Аксёнов, Митрофан Семёнович",0,1,,,,,,,,,,,,,,,,,,,,,,,,,,,,,,,
"Александров, Александр Данилович",1,8,1,1,1912,2004,37742,121,298,14,11388,0,3,106,161,9,,,,,,,,,,Александров Александр Данилович,38,208,17277,,,,да
"Александров, Владимир Валентинович",1,2,0,0,1938,2015,5099,3,3,5,3505,0,2,4,14,5,,,,,,,,,,Александров В В,3,2,57,,,,нет
"Александров, Павел Сергеевич",1,8,1,1,1896,2006,24629,90,158,25,19257,0,5,84,134,4,,,,,,,,,,Александров Павел Сергеевич,30,69,35870,,,,да
"Александров, Иван Иванович (математик)",,2,,,,,,,,,,,,,,,,,,,,,,,,,,,,,,,
"Александрян, Рафаэль Арамович",1,6,0,0,1923,2014,34750,4,28,1,904,0,3,4,131,3,,,,,,,,,,Александрян Рафаэль Арамович,1,11,832,,,,да
"Алексеев, Анатолий Арсениевич",1,1,0,0,1936,2015,3882,14,19,1,574,0,2,2,24,0,,,,,,,,,,,,,,,,,
"Алексеев, Виссарион Григорьевич",,1,,,,,,,,,,,,,,,,,,,,,,,,,,,,,,,
"Алексеев, Владимир Михайлович",1,6,0,0,1932,2012,7823,12,21,1,1229,0,2,8,30,2,,,,,,,,,,Алексеев Владимир Михайлович,9,158,3540,,,,нет
"Алексеев, Николай Николаевич (математик)",,3,,,,,,,,,,,,,,,,,,,,,,,,,,,,,,,
"Алескеров, Фуад Тагиевич",1,1,0,0,1951,2013,28411,21,33,2,3275,0,2,2,65,0,,,,,,,141,1226,11,Алескеров Фуад Тагиевич,22,19,2505,,,,нет
"Алёшин, Станислав Владимирович",1,1,0,0,1941,2016,1640,2,10,0,61,0,0,3,9,1,,,,,,,15,272,4,Алешин Станислав Владимирович,5,29,862,,,,
"Амербаев, Вильжан Мавлютинович",1,1,0,1,1931,2012,9694,18,45,1,1245,0,3,4,44,2,,,Амербаев Вильжан Мавлютинович,76,4,1,58,184,4,Амербаев В М,1,,298,,,,нет
"Андерсон, Оскар Николаевич",1,1,,,,,,,,,,,,,,,,,,,,,,,,,,,,,,,
"Андреев, Константин Алексеевич",2,1,,,,,,,,,,,,,,,,,,,,,,,,,,,,,,,
"Андреев, Николай Николаевич (математик)",1,1,,,,,,,,,,,,,,,,,,,,,,,,,,,,,,,
"Андрианов, Дмитрий Леонидович",0,1,,,,,,,,,,,,,,,,,,,,,,,,,,,,,,,
"Андронов, Александр Александрович (старший)",1,7,1,1,1901,2008,38969,43,104,14,4095,0,2,38,114,4,,,,,,,,,,Андронов Александр Александрович,4,14,956,,,,нет
"Андросенко, Пётр Александрович",0,1,,,,,,,,,,,,,,,,,,,,,,,,,,,,,,,
"Андрунакиевич, Владимир Александрович",1,2,0,1,1917,2008,11596,21,53,3,654,0,5,8,50,0,,,,,,,,,,Андрунакиевич Владимир Александрович,25,33,4120,,,,нет
"Аникин, Валерий Михайлович",0,,,,,,,,,,,,,,,,,,,,,,,,,,,,,,,,
"Анисимов, Василий Афанасьевич",1,,,,,,,,,,,,,,,,,,,,,,,,,,,,,,,,
"Анкудович, Викентий Александрович",1,,,,,,,,,,,,,,,,,,,,,,,,,,,,,,,,
"Аносов, Дмитрий Викторович",1,8,1,1,1936,2010,9383,39,101,10,3111,0,2,23,28,11,,,,,,,66,863,8,Аносов Дмитрий Викторович ,77,483,27179,,,,да
"Антипин, Анатолий Сергеевич",0,2,,,,,,,,,,,,,,,,,,,,,,,,,,,,,,,
"Аппельрот, Герман Германович",1,1,0,0,1866,2011,10073,9,36,0,630,0,2,5,25,0,,,,,,,,,,Аппельрот Герман Германович,12,5,1032,,,,нет
"Арак, Тайво Викторович",1,1,0,0,1946,2016,3581,4,6,0,110,0,2,2,13,4,,,,,,,,,,Арак Т В,10,34,827,,,,да
"Аракелов, Сурен Юрьевич",1,2,0,0,1947,2013,8591,14,28,5,1013,0,2,2,22,1,,,,,,,,,,Аракелов С Ю,2,38,1156,,,,нет
"Аракелян, Норайр Унанович",1,1,0,1,1936,2007,5383,24,37,2,543,0,7,8,43,2,,,,,,,,,,Аракелян Норайр Унанович,5,18,1108,,,,нет
"Араркцян, Бабкен Гургенович",1,1,0,0,1944,2007,6516,23,47,3,1762,0,8,5,70,1,,,,,,,,,,Араркцян Бабкен Гургенович,4,1,171,,,,нет
"Аристов, Владимир Владимирович",0,1,,,,,,,,,,,,,,,,,,,,,,,,,,,,,,,
"Арнольд, Виталий Дмитриевич",0,2,,,,,,,,,,,,,,,,,,,,,,,,,,,,,,,
"Арнольд, Владимир Игоревич",1,8,1,1,1937,2006,36258,182,353,41,36168,45,7,219,145,8,,,,,,,357,9341,26,Арнольд Владимир Игоревич,314,2440,120802,,,,да
"Арсланов, Марат Мирзаевич",1,4,,,,,,,,,,,,,,,,,,,,,,,,,,,,,,,
"Артамонов, Вячеслав Александрович",1,2,0,0,1946,2006,5531,30,45,0,1186,0,7,13,38,1,,,,,,,93,414,7,Артамонов Вячеслав Александрович,45,161,7674,,,,да
"Архангельский, Александр Владимирович",2,,,,,,,,,,,,,,,,,,,,,,,,,,,,,,,,
"Архангельский, Николай Михеевич",0,2,,,,,,,,,,,,,,,,,,,,,,,,,,,,,,,
"Архипов, Геннадий Иванович",1,1,0,0,1945,2016,3816,4,7,0,139,0,2,5,14,4,,,,,,,80,514,9,Архипов Геннадий Иванович,67,103,8794,,,,да
"Аршеневский, Василий Кондратьевич",0,1,,,,,,,,,,,,,,,,,,,,,,,,,,,,,,,
"Асанов, Магаз Оразкимович",1,1,0,0,1951,2010,5822,15,26,0,978,0,2,1,20,1,,,,,,,,,,Асанов М О,1,3,100,,,,нет
"Астряб, Александр Матвеевич",1,1,0,1,1879,2014,6944,4,14,1,479,0,2,2,22,0,,,,,,,,,,,,,,,,,
"Атанасян, Левон Сергеевич",1,1,0,0,1921,2013,11776,17,40,0,4916,0,3,11,21,0,,,,,,,,,,,,,,,,,
"Афанасьев, Александр Петрович ",1,1,0,0,1945,2008,35349,22,47,0,985,0,0,4,23,1,,,,,,,87,495,6,Афанасьев А П,,,,,,,
"Афанасьев, Владимир Васильевич ",1,1,0,0,1951,2010,9107,21,28,0,1216,0,1,3,26,1,,,,,,,43,351,6,Афанасьев Владимир Васильевич,1,,496,,,,нет
"Афанасьев, Пафнутий Алексеевич",0,1,,,,,,,,,,,,,,,,,,,,,,,,,,,,,,,
"Афраймович, Валентин Сендерович",1,2,0,0,1945,2014,7125,6,29,1,369,0,4,1,30,2,,,Valentin Afraimovich,6047,33,81,107,1760,14,Афраймович Валентин Сендорович,9,107,5438,,,,да
"Ахиезер, Наум Ильич",1,4,0,1,1901,2007,5550,46,75,8,1977,0,7,15,24,1,,,,,,,,,,Ахиезер Наум Ильич,17,23,5531,,,,нет
"Ахтямов, Азамат Мухтарович",0,5,,,,,,,,,,,,,,,,,,,,,,,,,,,,,,,
"Ашихмин, Валерий Николаевич",0,1,,,,,,,,,,,,,,,,,,,,,,,,,,,,,,,
"Бабич, Василий Михайлович",2,1,,,,,,,,,,,,,,,,,,,,,,,,,,,,,,,
"Базен, Пьер-Доминик",1,2,,,,,,,,,,,,,,,,,,,,,,,,,,,,,,,
"Базылев, Вячеслав Тимофеевич",1,1,0,0,1919,2015,10163,3,11,0,723,0,2,2,21,3,,,,,,,,,,Базылев Вячеслав Тимофеевич,8,6,919,,,,да
"Бакиров, Наиль Кутлужанович",1,1,0,0,1952,2014,4982,4,11,1,441,0,2,1,21,2,,,,,,,45,279,4,Бакиров Наиль Кутлужанович ,26,9,3343,,,,да
"Балк, Марк Беневич",1,1,0,0,1923,2016,3847,3,19,0,65,0,0,2,6,1,,,,,,,,,,Балк Марк Беневич,8,14,2190,,,,
"Барбашин, Евгений Алексеевич",1,7,0,1,1918,2016,4232,3,4,1,27,0,2,3,8,0,,,,,,,,,,Барбашин Евгений Алексеевич,21,3,2276,,,,нет
"Бари, Нина Карловна",2,4,,,,,,,,,,,,,,,,,,,,,,,,,,,,,,,
"Баренблатт, Григорий Исаакович",2,,,,,,,,,,,,,,,,,,,,,,,,,,,,,,,,
"Бартельс, Мартин Фёдорович",1,1,,,,,,,,,,,,,,,,,,,,,,,,,,,,,,,
"Баскаков, Анатолий Григорьевич",1,1,0,0,1944,2011,7162,14,25,1,1021,0,2,2,34,3,,,,,,,144,1184,15,Баскаков Анатолий Григорьевич,48,585,19666,,,,да
"Бахвалов, Николай Сергеевич",1,6,0,0,1934,2006,11356,37,74,4,1714,0,7,36,56,3,,,,,,,98,3651,14,Бахвалов Николай Сергеевич ,39,294,8909,,,,да
"Бахвалов, Сергей Владимирович",1,1,0,0,1898,2012,7161,8,14,0,645,0,2,4,15,2,,,,,,,,,,Бахвалов Сергей Владимирович,4,1,845,,,,нет
"Башмаков, Марк Иванович",1,2,0,0,1937,2012,28901,16,45,0,3980,0,2,7,66,3,,,,,,,200,558,8,Башмаков Марк Иванович,11,38,1629,,,,нет
"Башмакова, Изабелла Григорьевна",1,1,0,1,1921,2012,11414,11,56,2,1589,0,3,16,23,4,,,,,,,7,153,4,Башмакова Изабелла Григорьевна,,,4565,,,,да
"Безикович, Абрам Самойлович",2,4,,,,,,,,,,,,,,,,,,,,,,,,,,,,,,,
"Бейер, Евгений Ильич фон",1,3,,,,,,,,,,,,,,,,,,,,,,,,,,,,,,,
"Бейлинсон, Александр Александрович",1,1,0,0,1957,2014,4269,4,7,5,1145,0,2,4,20,2,,,,,,,10,16,1,Бейлинсон Александр Александрович,14,99,5788,,,,да
"Беклемишев, Лев Дмитриевич",2,1,,,,,,,,,,,,,,,,,,,,,,,,,,,,,,,
"Белавкин, Вячеслав Павлович",1,1,0,0,1946,2014,3394,4,6,3,407,0,3,1,13,3,,,,,,,,,,Белавкин Вычеслав П,16,43,2126,,,,да
"Белинский, Павел Петрович",1,3,,,,,,,,,,,,,,,,,,,,,,,,,,,,,,,
"Белоусов, Валентин Данилович",1,1,0,1,1925,2015,17556,20,93,2,952,0,3,3,25,0,,,,,,,,,,Белоусов Валентин Данилович,12,32,2683,,,,
"Белоцерковский, Олег Михайлович",1,6,1,1,1925,2005,20007,83,200,1,11313,0,8,23,65,4,,,Олег Белоцерковский,3684,31,76,131,1883,11,Белоцерковский Олег Михайлович ,53,235,10802,,,,
"Бененсон, Залман Михайлович",1,1,0,0,1922,2011,53422,23,335,0,949,0,2,5,107,0,,,,,,,11,21,2,Бененсон З М,1,,29,,,,
"Бердышев, Виталий Иванович",1,3,0,0,1939,2013,8709,10,14,0,1061,0,2,5,37,4,,,,,,,91,232,5,Бердышев Виталий Иванович,34,113,5931,,,,
"Березин, Иван Семёнович",1,5,0,0,1920,2012,12088,17,35,0,789,0,5,11,34,3,,,,,,,,,,Березин И С,1,1,321,,,,
"Березин, Феликс Александрович",3,,,,,,,,,,,,,,,,,,,,,,,,,,,,,,,,
"Березовский, Борис Абрамович",1,3,0,0,1946,2005,220797,755,2052,38,441360,121,7,204,465,11,,,,,,,,,,Березовский Б А,12,1,742,,,,
"Беркович, Евгений Михайлович",0,0,0,0,1945,2008,13386,28,95,0,2529,0,5,28,27,0,,,,,,,2,2,1,Беркович Е М,7,13,351,,,,
"Берлова, Наталья Геннадьевна",1,,,,,,,,,,,,,,,,,,,,,,,,,,,,,,,,
"Бермант, Анисим Фёдорович",1,,,,,,,,,,,,,,,,,,,,,,,,,,,,,,,,
"Бернулли, Даниил",3,,,,,,,,,,,,,,,,,,,,,,,,,,,,,,,,
"Бернулли, Николай",2,,,,,,,,,,,,,,,,,,,,,,,,,,,,,,,,
"Бернштейн, Иосиф Наумович",1,4,0,1,1945,2015,4161,6,14,6,1781,0,2,11,31,0,,,,,,,,,,Бернштейн Иосиф Н,24,425,7375,,,,
"Бернштейн, Сергей Натанович",3,8,1,1,1880,2006,9029,59,80,16,5564,0,4,57,53,4,,,,,,,,,,Бернштейн Сергей Натанович ,54,28,6194,,,,
"Берштейн, Леонид Самойлович",1,1,0,0,1941,2016,9934,11,54,0,496,0,2,4,24,1,,,,,,,74,1023,8,Берштейн Л С,6,1,351,,,,
"Бесов, Олег Владимирович",2,6,0,1,1933,2006,15083,35,90,2,1581,0,7,6,49,3,,,,,,,113,972,8,Бесов Олег Владимирович,116,616,18673,,,,
"Бессель, Александр Васильевич",3,,,,,,,,,,,,,,,,,,,,,,,,,,,,,,,,
"Билимович, Антон Дмитриевич",1,,,,,,,,,,,,,,,,,,,,,,,,,,,,,,,,
"Бильфингер, Георг Бернгард",1,,,,,,,,,,,,,,,,,,,,,,,,,,,,,,,,
"Бирман, Михаил Шлёмович",1,5,0,0,1928,2012,8154,20,55,0,602,0,5,1,13,2,,,,,,,153,1964,17,Бирман Михаил Шлемович,64,997,18853,,,,
"Бицадзе, Андрей Васильевич",1,6,1,1,1916,2009,13214,29,69,3,1657,0,3,11,34,3,,,,,,,44,847,9,Бицадзе Андрей Васильевич ,20,28,5695,,,,
"Блажеевский, Ромуальд Осипович",1,,,,,,,,,,,,,,,,,,,,,,,,,,,,,,,,
"Бобков, Сергей Германович",0,,,,,,,,,,,,,,,,,,,,,,,,,,,,,,,,
"Бобров, Сергей Павлович",0,0,0,0,1889,2007,12189,39,68,1,5206,0,4,36,36,4,,,,,,,,,,Бобров С П,1,,183,,,,
"Бобылёв, Николай Антонович",1,4,0,0,1947,2014,37327,13,175,1,867,0,6,2,35,5,,,,,,,95,396,7,Бобылев Николай Антонович,43,74,4235,,,,
"Богатырёв, Андрей Борисович",1,,,,,,,,,,,,,,,,,,,,,,,,,,,,,,,,
"Богданов, Рифкат Ибрагимович",2,,,,,,,,,,,,,,,,,,,,,,,,,,,,,,,,
"Богомолов, Фёдор Алексеевич",1,6,0,0,1946,2012,7156,19,39,4,1969,0,5,9,27,3,,,Fedor Bogomolov,2588,26,53,53,218,7,Богомолов Фёдор Алексеевич,84,690,7002,,,,
"Бойчук, Александр Андреевич",1,1,0,0,1950,2012,10954,9,21,3,697,0,2,3,56,2,,,,,,,,,,Бойчук Александр Андреевич,3,2,143,,,,
"Бокаев, Садуакас Хасенулы",0,,,,,,,,,,,,,,,,,,,,,,,,,,,,,,,,
"Болибрух, Андрей Андреевич",1,7,1,0,1950,2015,10374,49,104,4,2021,0,9,12,49,5,,,,,,,37,234,6,Болибрух Андрей Андреевич,97,285,10369,,,,
"Болотов, Виктор Александрович",0,,,,,,,,,,,,,,,,,,,,,,,,,,,,,,,,
"Болтянский, Владимир Григорьевич",1,6,0,1,1925,2007,8582,32,55,7,2035,0,7,34,39,1,,,,,,,91,3338,10,Болтянский Владимир Григорьевич,49,79,10768,,,,
"Боль, Пирс Георгиевич",3,,,,,,,,,,,,,,,,,,,,,,,,,,,,,,,,
"Большев, Логин Николаевич",1,6,0,1,1922,2014,18309,9,26,2,868,0,2,7,98,2,,,,,,,,,,Большев Логин Николаевич ,18,8,2524,,,,
"Бондарева, Ольга Николаевна",1,4,0,0,1937,2009,17190,23,41,1,2056,0,2,6,49,0,,,,,,,,,,Бондарева О Н,2,,112,,,,
"Боревич, Зенон Иванович",1,6,0,0,1922,2012,5190,11,43,2,967,0,2,6,21,6,,,,,,,,,,Боревич Зенон Иванович,42,127,4283,,,,
"Борисов, Алексей Владимирович",1,,,,,,,,,,,,,,,,,,,,,,,,,,,,,,,,
"Борисов, Виктор Васильевич (математик)",0,3,0,0,1937,2015,2563,4,6,1,336,0,0,3,10,2,,,,,,,44,142,7,Борисов Виктор В,2,1,149,,,,
"Борисов, Владимир Фёдорович",1,1,0,0,1961,2016,8380,2,4,0,156,0,5,3,23,4,,,,,,,,,,Борисов Владимир Федорович,9,23,2030,,,,
"Боровков, Александр Алексеевич",1,7,1,1,1931,2010,8707,19,42,0,1794,0,2,17,37,10,,,,,,,173,1744,15,Боровков Александр Алексеевич,109,502,21125,,,,
"Бородин, Алексей Михайлович",1,,,,,,,,,,,,,,,,,,,,,,,,,,,,,,,,
"Борухов, Валентин Терентьевич",0,1,0,0,1947,2013,8472,7,12,0,504,0,2,1,27,0,,,,,,,61,217,5,Борухов Валентин Терентьевич,12,6,844,,,,
"Бочкарёв, Сергей Викторович",1,,,,,,,,,,,,,,,,,,,,,,,,,,,,,,,,
"Браверман, Эммануил Маркович",1,4,0,0,1931,2014,8147,7,23,0,798,0,2,3,26,0,,,,,,,,,,Браверман Э М,10,4,310,,,,
"Брадис, Владимир Модестович",0,2,0,1,1890,2006,7304,59,92,1,13829,0,8,13,25,2,,,,,,,,,,,,,,,,,
"Браиловский, Виктор Львович",0,0,0,0,1935,2008,4499,33,68,4,1521,0,5,25,16,2,,,,,,,,,,,,,,,,,
"Брайцев, Иван Романович",0,1,0,0,1870,2008,6012,19,31,1,374,0,2,8,10,1,,,,,,,,,,Брайцев Иван Романович ,10,,730,,,,
"Брашман, Николай Дмитриевич",2,,,,,,,,,,,,,,,,,,,,,,,,,,,,,,,,
"Брегман, Лев",1,1,0,0,1941,2014,3547,4,11,1,420,0,1,1,9,2,,,,,,,,,,,,,,,,,
"Брин, Михаил Израилевич",1,2,0,0,1948,2014,9807,6,39,1,12846,0,3,2,22,0,,,,,,,,,,Брин Михаэль И,7,53,1361,,,,
"Бронштейн, Идел Ушерович",2,3,0,0,1936,2008,9024,10,52,0,509,0,4,7,47,0,,,,,,,,,,Бронштейн Идел Ушерович,15,8,845,,,,
"Брудно, Александр Львович",1,3,0,0,1918,2012,21670,22,80,1,1118,0,2,10,46,1,,,,,,,,,,Брудно Александр Львович,9,3,1660,,,,
"Брюно, Александр Дмитриевич",2,6,0,0,1940,2014,4177,4,10,2,441,0,2,1,9,4,,,,,,,311,2612,15,Брюно Александр Дмитриевич,133,322,10080,,,,
"Бубнов, Иван Григорьевич",0,,,,,,,,,,,,,,,,,,,,,,,,,,,,,,,,
"Бугаев, Николай Васильевич",,,,,,,,,,,,,,,,,,,,,,,,,,,,,,,,,
"Бугров, Яков Степанович",0,2,0,0,1927,2007,5836,17,47,0,692,0,6,4,30,2,,,,,,,,,,Бугров Яков Степанович,23,45,2276,,,,
"Будаев, Николай Сергеевич",,,,,,,,,,,,,,,,,,,,,,,,,,,,,,,,,
"Булинский, Александр Вадимович",1,5,0,0,1952,2012,6896,10,41,0,1020,0,2,2,5,4,,,,,,,42,434,9,Булинский Александр Вадимович,22,60,2929,,,,
"Букреев, Борис Яковлевич",,,,,,,,,,,,,,,,,,,,,,,,,,,,,,,,,
"Бунимович, Леонид Абрамович",1,4,0,0,1943,2014,3899,5,10,4,933,0,9,4,17,1,,,,,,,,,,Бунимович Леонид Абрамович,12,276,5600,,,,
"Буницкий, Евгений Леонидович",,,,,,,,,,,,,,,,,,,,,,,,,,,,,,,,,
"Буняковский, Виктор Яковлевич",,,,,,,,,,,,,,,,,,,,,,,,,,,,,,,,,
"Бураго, Дмитрий Юрьевич",0,,0,0,1964,2014,4711,9,15,2,1901,0,2,8,14,3,,,,,,,,,,Бураго Дмитрий Юрьевич,3,5,772,,,,
"Бураго, Юрий Дмитриевич",1,2,0,0,1936,2014,4379,7,15,4,3339,0,2,16,14,1,,,,,,,23,320,4,Бураго Юрий Дмитриевич,28,127,9027,,,,
"Буркин, Игорь Михайлович",1,1,0,0,1948,2010,4765,16,25,0,567,0,2,2,20,1,,,,,,,43,302,4,Буркин Игорь Михайлович,6,,26,,,,
"Бурков, Владимир Николаевич",,,,,,,,,,,,,,,,,,,,,,,,,,,,,,,,,
"Буссе, Фёдор Иванович",,,,,,,,,,,,,,,,,,,,,,,,,,,,,,,,,
"Бутягин, Алексей Сергеевич",0,1,0,0,1881,2013,6727,9,19,0,727,0,2,49,44,2,,,,,,,,,,,,,,,,,
"Буфетов, Александр Игоревич",,,,,,,,,,,,,,,,,,,,,,,,,,,,,,,,,
"Бухштабер, Виктор Матвеевич",1,2,0,0,1943,2014,5882,7,15,3,948,0,3,7,18,3,,,,,,,218,2659,16,Бухштабер Виктор Матвеевич,295,757,37807,,,,
"Бюшгенс, Сергей Сергеевич",1,2,0,1,1882,2011,14628,17,32,0,850,0,2,9,30,1,,,,,,,,,,Бюшгенс Сергей Сергеевич ,17,1,1368,,,,
"Вавилов, Александр Александрович",1,1,0,0,1922,2009,6570,19,30,0,2052,0,2,3,39,3,,,,,,,,,,,,,,,,,
"Вагнер, Виктор Владимирович",1,2,0,1,1908,2008,8824,27,42,4,976,0,4,6,24,2,,,,,,,,,,Вагнер Виктор Владимирович ,37,20,3802,,,,
"Вапник, Владимир Наумович",1,2,0,0,1936,2008,6128,29,41,8,3767,0,5,17,31,0,,,vapnik,169184,109,372,,,,Вапник Владимир Н,8,10,2627,,,,
"Варченко, Александр Николаевич",1,2,0,0,1949,2014,4062,4,8,2,654,0,2,9,17,2,,,Alexander Varchenko,9227,45,131,,,,Варченко Александр Николаевич,56,326,14683,,,,
"Васильев, Александр Васильевич (математик)",,,,,,,,,,,,,,,,,,,,,,,,,,,,,,,,,
"Васильев, Виктор Анатольевич",1,3,1,0,1956,2010,10585,45,86,6,8134,0,2,39,26,3,,,,,,,45,365,6,Васильев Виктор Анатольевич,90,143,15648,,,,
"Васильев, Николай Александрович",,,,,,,,,,,,,,,,,,,,,,,,,,,,,,,,,
"Васильев, Станислав Николаевич",0,2,0,0,1946,2009,7241,27,34,0,1461,0,2,6,22,4,,,,,,,128,1247,10,Васильев Станислав Николаевич,12,44,2566,,,,
"Васильев, Фёдор Павлович",,,,,,,,,,,,,,,,,,,,,,,,,,,,,,,,,
"Васин, Владимир Васильевич",1,1,0,0,1941,2010,6044,13,17,0,645,0,2,5,21,3,,,,,,,102,1137,9,Васин Владимир Васильевич,34,112,7453,,,,
"Ващенко-Захарченко, Михаил Егорович",,,,,,,,,,,,,,,,,,,,,,,,,,,,,,,,,
"Веденисов, Николай Борисович",1,1,0,0,1905,2016,9467,6,17,0,211,0,2,3,34,0,,,,,,,,,,Веденисов Николай Борисович,2,4,421,,,,
"Веденяпин, Виктор Валентинович",,,,,,,,,,,,,,,,,,,,,,,,,,,,,,,,,
"Вейсфейлер, Борис Юльевич",0,0,0,0,1942,2006,6181,32,49,3,3539,0,7,2,14,1,,,,,,,,,,Вейсфейлер Борис Ю,10,42,2659,,,,
"Векуа, Илья Несторович",1,3,1,1,1907,2008,14546,57,145,9,3361,0,7,42,79,6,,,,,,,,,,Векуа Илья Несторович ,4,16,1394,,,,
"Вентцель, Елена Сергеевна",0,2,0,0,1907,2006,191176,83,179,5,17519,0,10,37,88,4,,,,,,,,,,,,,,,,,
"Вербицкий, Михаил Сергеевич",,,,,,,,,,,,,,,,,,,,,,,,,,,,,,,,,
"Верещагин, Иван Фёдорович",1,1,0,0,1912,2015,21897,5,56,0,739,0,5,4,66,2,,,,,,,,,,,,,,,,,
"Вершик, Анатолий Моисеевич",1,2,0,0,1833,2009,15343,42,126,5,2605,0,3,22,92,5,,,,,,,298,2935,20,Вершик Анатолий Моисеевич,228,1169,46432,,,,
"Веселовский, Иван Николаевич",0,1,0,0,1892,2012,13368,13,28,0,1085,0,3,33,35,2,,,,,,,,,,,,,,,,,
"Вечтомов, Евгений Михайлович",,,,,,,,,,,,,,,,,,,,,,,,,,,,,,,,,
"Викберг, Борис Акселевич",1,1,0,0,1886,2015,16972,4,43,0,279,0,3,4,43,0,,,,,,,,,,,,,,,,,
"Виленкин, Наум Яковлевич",1,2,0,1,1920,2006,10727,46,79,5,6243,0,7,18,31,0,,,,,,,,,,,,,,,,,
"Вильбрехт, Александр Михайлович",,,,,,,,,,,,,,,,,,,,,,,,,,,,,,,,,
"Винберг, Эрнест Борисович",1,2,0,0,1937,2011,19042,27,62,4,3792,0,2,14,69,2,,,,,,,81,1390,13,Винберг Эрнест Борисович,50,679,30558,,,,
"Виноградов, Аскольд Иванович",1,1,0,0,1929,2016,2588,3,3,7,179,0,2,2,4,3,,,,,,,17,21,1,Виноградов Аскольд Иванович,48,40,7929,,,,
"Виноградов, Иван Матвеевич",1,4,0,1,1891,2006,27292,121,218,25,12259,0,4,89,100,4,,,,,,,,,,Виноградов Иван Матвеевич ,150,91,12982,,,,
"Виро, Олег Янович",1,62,0,0,1948,2014,4518,4,9,4,492,0,2,3,17,2,,,,,,,31,612,9,Виро Олег Янович	,22,92,8197,,,,
"Висковатов, Василий Иванович",,,,,,,,,,,,,,,,,,,,,,,,,,,,,,,,,
"Витт, Александр Адольфович",1,2,0,0,1902,2007,11488,29,87,1,1603,8,7,8,47,0,,,,,,,,,,Витт А А,1,1,113,,,,
"Витушкин, Анатолий Георгиевич",1,3,0,1,1931,2006,8612,36,73,5,1441,0,7,8,39,3,,,,,,,24,106,4,Витушкин Анатолий Георгиевич,22,194,11754,,,,
"Вишик, Марко Иосифович",1,2,0,0,1921,2012,7224,20,68,3,851,0,5,8,37,1,,,,,,,172,3003,20,Вишик Марко Иосифович,64,1141,34812,,,,
"Владимиров, Василий Сергеевич",1,3,0,1,1923,2006,27648,65,136,5,2309,0,7,69,44,4,,,,,,,130,2035,11,Владимиров Василий Сергеевич ,170,705,39800,,,,
"Владиславлев, Сергей Владимирович",0,1,0,0,1883,2011,7591,16,20,0,207,0,2,2,18,2,,,,,,,,,,,,,,,,,
"Власов, Алексей Константинович",,1,,,,,,,,,,,,,,,,,,,,,,,,,,,,,,,
"Воеводин, Валентин Васильевич",,2,,,,,,,,,,,,,,,,,,,,,,,,,,,,,,,
"Воеводский, Владимир Александрович",,3,,,,,,,,,,,,,,,,,,,,,,,,,,,,,,,
"Волевич, Леонид Романович",1,1,0,0,1934,2011,3878,10,20,0,377,0,2,4,8,0,,,,,,,45,343,8,Волевич Леонид Романович,45,185,7596,,,,
"Волков, Александр Александрович (математик)",,,,,,,,,,,,,,,,,,,,,,,,,,,,,,,,,
"Волковысский, Лев Израилевич",0,1,0,0,1913,2011,8266,12,40,1,352,0,4,5,41,0,,,,,,,,,,Волковыский Лев Израилевич,7,5,1203,,,,
"Волович, Игорь Васильевич",1,2,0,0,1946,2015,12285,5,20,0,1051,0,2,11,35,5,,,Igor Volovich,7840,45,134,176,2801,20,Волович Игорь Васильевич,215,395,19637,,,,
"Вольберг, Александр Львович",0,1,0,0,1956,2013,5278,6,26,2,410,0,2,1,18,2,,,,,,,,,,Вольберг Александр Львович,27,145,5519,,,,
"Вольфенгаген, Вячеслав Эрнстович",1,1,0,0,1948,2008,10596,23,72,0,819,0,5,1,43,7,,,,,,,43,271,6,Вольфенгаген Вячеслав Эрнстович,2,,213,,,,
"Воробьёв, Николай Николаевич (математик)",1,2,0,0,1925,2009,6719,16,28,1,63,0,1,1,39,4,,,,,,,,,,Воробьев Николай Николаевич ,14,13,3847,,,,
"Ворович, Иосиф Израилевич-Гиршевич",1,3,0,1,1920,2008,10862,29,63,1,1601,0,8,11,54,3,,,,,,,96,1359,10,Ворович Иосиф Израилевич,4,25,2806,,,,
"Воронель, Александр Владимирович",0,1,0,0,1931,2008,6492,24,43,1,1219,0,4,5,23,1,,,,,,,,,,,,,,,,,
"Вороненко, Андрей Анатольевич",,1,,,,,,,,,,,,,,,,,,,,,,,,,,,,,,,
"Воронин, Сергей Михайлович",1,2,0,0,1946,2009,5942,21,52,1,765,0,2,2,15,6,,,,,,,30,302,6,Воронин Сергей Михайлович,20,149,3686,,,,
"Вороной, Георгий Феодосьевич",,,,,,,,,,,,,,,,,,,,,,,,,,,,,,,,,
"Вощинин, Александр Павлович",1,1,0,0,1937,2008,11301,21,88,0,490,0,4,2,59,0,,,,,,,27,284,6,,,,,,,,
"Вулих, Борис Захарович",1,2,0,0,1913,2016,9957,5,15,0,319,0,2,4,26,1,,,,,,,,,,Вулих Борис Захарович ,11,16,3436,,,,
"Вулих, Захар Борисович",,,,,,,,,,,,,,,,,,,,,,,,,,,,,,,,,
"Выгодский, Марк Яковлевич",1,1,0,1,1898,2007,9506,40,73,0,5563,0,7,38,25,2,,,,,,,,,,Выгодский Марк Яковлевич ,4,3,1502,,,,
"Габович, Евгений Яковлевич",,1,0,0,1938,2008,7217,25,62,0,1134,0,4,5,49,2,,1,,,,,,,,Габович Евгений Яковлевич,6,6,889,,,,
"Гагаев, Борис Михайлович",,2,0,0,1897,2016,15 830,23,,0,300,0,3,5,40,1,,,,,,,,,,Гагаев Борис Михайлович ,21,2,2608,,,,
"Гагарин, Андрей Григорьевич",,1,0,1,1856,2010,39 358,37,90,0,4248,0,2,17,113,3,,,,,,,,,,Гагарин Андрей Григорьевич,2,,63,,,,
"Гаджиев, Акиф Джафар оглы",,2,0,0,1937,2007,5752,23,50,2,682,0,2,5,33,3,,,,,,,,,,Гаджиев Акиф Джафар оглы,10,24,1154,,,,
"Гайцгори, Владимир Григорьевич",,2,0,0,1951,2015,5472,7,12,0,615,0,2,2,46,1,,,Vladimir Gaitsgory,1363,22,36,,,,Владимир Григорьевич Гайцгори,7,2,198,,,,
"Галёркин, Борис Григорьевич",,3,1,0,1871,2006,14784,60,137,10,2785,0,16,21,72,4,,,,,,,,,,Галёркин Борис Григорьевич,5,,276,,,,
"Гальперн, Самарий Александрович",,0,0,0,1904,2012,4484,9,23,0,305,0,2,3,31,1,,,,,,,,,,Гальперн Самарий Александрвич,9,17,2464,,,,
"Гамкрелидзе, Реваз Валерианович",,2,1,0,1927,2012,7478,13,37,5,2501,0,2,15,46,6,,,Revaz Gamkrelidze,15037,33,66,64,3576,11,Гамкрелидзе Реваз Валерианович,85,81,14752,,,,
"Гантмахер, Феликс Рувимович",,3,0,0,1908,2008,15084,41,107,4,2805,0,5,42,103,4,,,,,,,,,,Гантмахер Феликс Рувимович,6,2,1680,,,,
"Гаркави, Александр Львович",,2,0,0,1924,2015,7511,5,24,0,314,0,2,2,38,2,,,,,,,,,,Гаркави Александр Львович,38,113,5643,,,,
"Гастев, Юрий Алексеевич",1,,0,,,2010,10751,22,73,2,2143,0,2,6,60,7,,,,,,,1,4,0,,,,,,,,
"Гахов, Фёдор Дмитриевич",1,,,,1906,2016,13364,8,32,4,962,0,6,9,,1,,,,,,,,,,,30,21,7878,,,,
"Гвишиани, Алексей Джерменович",,,,,1948,2013,20821,23,70,1,8315,0,2,11,63,2,,,,,,,,,,Гвишиани Алексей Джерменович,8,8,1513,,,,
"Геворкян, Павел Самвелович",,,,,1963,2009,15864,41,171,2,841,0,4,1,86,3,,,Paul Gevorgyan,100,6,2,,,,,,,,,,,
"Гельфанд, Израиль Моисеевич",,,,,1913,2007,144926,179,877,30,22504,45,7,,427,15,,,,,,,,,,Гельфанд Израиль Моисеевич ,209,176,110293,,,,
"Гельфанд, Сергей Израилевич",,,,,1944,2015,5158,11,28,0,4126,0,2,7,22,1,,,,,,,,,,Гельфанд Сергей Израильевич,28,27,11746,,,,
"Гельфонд, Александр Осипович",,,,,1906,2009,16538,32,57,16,2321,0,4,,76,1,,,,,,,,,,"	
Гельфонд Александр Осипович ",49,42,13422,,,,
"Герасименко, Пётр Васильевич",,,,,,,,,,,,,,,,,,,,,,,,,,,,,,,,,
"Герман, Якоб",,,,,,,,,,,,,,,,,,,,,,,,,,,,,,,,,
"Гермейер, Юрий Борисович",,,,,,,,,,,,,,,,,,,,,,,,,,,,,,,,,
"Гернет, Надежда Николаевна",,,,,,,,,,,,,,,,,,,,,,,,,,,,,,,,,
"Геронимус, Александр Юрьевич",,,,,,,,,,,,,,,,,,,,,,,,,,,,,,,,,
"Геронимус, Яков Лазаревич",,,,,,,,,,,,,,,,,,,,,,,,,,,,,,,,,
"Гершгорин, Семён Аронович",,,,,,,,,,,,,,,,,,,,,,,,,,,,,,,,,
"Гивенталь, Александр Борисович",,,,,,,,,,,,,,,,,,,,,,,,,,,,,,,,,
"Гимади, Эдуард Хайрутдинович",,,,,,,,,,,,,,,,,,,,,,,,,,,,,,,,,
"Гиндикин, Семён Григорьевич",,,,,,,,,,,,,,,,,,,,,,,,,,,,,,,,,
"Гирсанов, Игорь Владимирович",,,,,,,,,,,,,,,,,,,,,,,,,,,,,,,,,
"Гирш, Эдуард Алексеевич",,,,,,,,,,,,,,,,,,,,,,,,,,,,,,,,,
"Гихман, Иосиф Ильич",,,,,,,,,,,,,,,,,,,,,,,,,,,,,,,,,
"Глаголев, Александр Николаевич",,,,,,,,,,,,,,,,,,,,,,,,,,,,,,,,,
"Глаголев, Нил Александрович",,,,,,,,,,,,,,,,,,,,,,,,,,,,,,,,,
"Глебский, Юрий Васильевич",,,,,,,,,,,,,,,,,,,,,,,,,,,,,,,,,
"Глейзер, Герш Исаакович",,,,,,,,,,,,,,,,,,,,,,,,,,,,,,,,,
"Глейзер, Григорий Давыдович",,,,,,,,,,,,,,,,,,,,,,,,,,,,,,,,,
"Гливенко, Валерий Иванович",,,,,,,,,,,,,,,,,,,,,,,,,,,,,,,,,
"Глускин, Лазарь Матвеевич",,,,,,,,,,,,,,,,,,,,,,,,,,,,,,,,,
"Глушков, Виктор Михайлович",,,,,,,,,,,,,,,,,,,,,,,,,,,,,,,,,
"Гнеденко, Борис Владимирович",,,,,,,,,,,,,,,,,,,,,,,,,,,,,,,,,
"Говорун, Николай Николаевич",,,,,,,,,,,,,,,,,,,,,,,,,,,,,,,,,
"Годунов, Сергей Константинович",,,,,,,,,,,,,,,,,,,,,,,,,,,,,,,,,
"Гокиели, Леван Петрович",,,,,,,,,,,,,,,,,,,,,,,,,,,,,,,,,
"Голод, Евгений Соломонович",,,,,,,,,,,,,,,,,,,,,,,,,,,,,,,,,
"Голубев, Владимир Васильевич",,,,,,,,,,,,,,,,,,,,,,,,,,,,,,,,,
"Голузин, Геннадий Михайлович",,,,,,,,,,,,,,,,,,,,,,,,,,,,,,,,,
"Гольденберг, Александр Иванович",,,,,,,,,,,,,,,,,,,,,,,,,,,,,,,,,
"Гончар, Андрей Александрович",,,,,,,,,,,,,,,,,,,,,,,,,,,,,,,,,
"Гончаров, Сергей Савостьянович",,,,,,,,,,,,,,,,,,,,,,,,,,,,,,,,,
"Гоппа, Валерий Денисович",,,,,,,,,,,,,,,,,,,,,,,,,,,,,,,,,
"Горбань, Александр Николаевич",,,,,,,,,,,,,,,,,,,,,,,,,,,,,,,,,
"Горгидзе, Алексей Ясонович",,,,,,,,,,,,,,,,,,,,,,,,,,,,,,,,,
"Горский, Владимир Григорьевич",,,,,,,,,,,,,,,,,,,,,,,,,,,,,,,,,
"Горюнов, Виктор Владимирович",,,,,,,,,,,,,,,,,,,,,,,,,,,,,,,,,
"Гохберг, Израиль Цудикович",,,,,,,,,,,,,,,,,,,,,,,,,,,,,,,,,
"Граве, Дмитрий Александрович",,,,,,,,,,,,,,,,,,,,,,,,,,,,,,,,,
"Граве, Платон Платонович",,,,,,,,,,,,,,,,,,,,,,,,,,,,,,,,,
"Граев, Марк Иосифович",,,,,,,,,,,,,,,,,,,,,,,,,,,,,,,,,
"Гребеников, Евгений Александрович",,,,,,,,,,,,,,,,,,,,,,,,,,,,,,,,,
"Григорчук, Ростислав Иванович",,,,,,,,,,,,,,,,,,,,,,,,,,,,,,,,,
"Громов, Михаил Леонидович",,,,,,,,,,,,,,,,,,,,,,,,,,,,,,,,,
"Гудивок, Пётр Михайлович",,,,,,,,,,,,,,,,,,,,,,,,,,,,,,,,,
"Гудиев, Амурхан Хаджумарович",,,,,,,,,,,,,,,,,,,,,,,,,,,,,,,,,
"Гулин, Алексей Владимирович",,,,,,,,,,,,,,,,,,,,,,,,,,,,,,,,,
"Гуревич, Александр Викторович",,,,,,,,,,,,,,,,,,,,,,,,,,,,,,,,,
"Гуревич, Борис Маркович",,,,,,,,,,,,,,,,,,,,,,,,,,,,,,,,,
"Гурман, Владимир Иосифович",,,,,,,,,,,,,,,,,,,,,,,,,,,,,,,,,
"Гурьев, Семён Емельянович",,,,,,,,,,,,,,,,,,,,,,,,,,,,,,,,,
"Гусейн-Заде, Сабир Меджидович",,,,,,,,,,,,,,,,,,,,,,,,,,,,,,,,,
"Гусейнов, Ашраф Искендер оглы",,,,,,,,,,,,,,,,,,,,,,,,,,,,,,,,,
"Гутенмахер, Лев Израилевич",,,,,,,,,,,,,,,,,,,,,,,,,,,,,,,,,
"Гущин, Анатолий Константинович",,,,,,,,,,,,,,,,,,,,,,,,,,,,,,,,,
"Гюнтер, Николай Максимович",,,,,,,,,,,,,,,,,,,,,,,,,,,,,,,,,
"Даватц, Владимир Христианович",,,,,,,,,,,,,,,,,,,,,,,,,,,,,,,,,
"Давидов, Август Юльевич",,,,,,,,,,,,,,,,,,,,,,,,,,,,,,,,,
"Далецкий, Юрий Львович",,,,,,,,,,,,,,,,,,,,,,,,,,,,,,,,,
"Данилюк, Иван Ильич",,,,,,,,,,,,,,,,,,,,,,,,,,,,,,,,,
"Двухшёрстов, Григорий Иванович",,,,,,,,,,,,,,,,,,,,,,,,,,,,,,,,,
"Девингталь, Юрий Владимирович",,,,,,,,,,,,,,,,,,,,,,,,,,,,,,,,,
"Деза, Мишель Мари",,,,,,,,,,,,,,,,,,,,,,,,,,,,,,,,,
"Дезин, Алексей Алексеевич",,,,,,,,,,,,,,,,,,,,,,,,,,,,,,,,,
"Деларю, Даниил Михайлович",,,,,,,,,,,,,,,,,,,,,,,,,,,,,,,,,
"Делоне, Борис Николаевич",,,,,,,,,,,,,,,,,,,,,,,,,,,,,,,,,
"Делоне, Николай Борисович (старший)",,,,,,,,,,,,,,,,,,,,,,,,,,,,,,,,,
"Демидов, Сергей Сергеевич",,,,,,,,,,,,,,,,,,,,,,,,,,,,,,,,,
"Демидович, Борис Павлович",,,,,,,,,,,,,,,,,,,,,,,,,,,,,,,,,
"Денисов, Александр Михайлович (математик)",,,,,,,,,,,,,,,,,,,,,,,,,,,,,,,,,
"Джрбашян, Мхитар Мкртичевич",,,,,,,,,,,,,,,,,,,,,,,,,,,,,,,,,
"Джураев, Абдухамид Джураевич",,,,,,,,,,,,,,,,,,,,,,,,,,,,,,,,,
"Джураев, Абубакир Мухтарович",,,,,,,,,,,,,,,,,,,,,,,,,,,,,,,,,
"Дзядык, Владислав Кириллович",,,,,,,,,,,,,,,,,,,,,,,,,,,,,,,,,
"Дикусар, Василий Васильевич",,,,,,,,,,,,,,,,,,,,,,,,,,,,,,,,,
"Дикштейн, Самуэль",,,,,,,,,,,,,,,,,,,,,,,,,,,,,,,,,
"Диткин, Виталий Арсеньевич",,,,,,,,,,,,,,,,,,,,,,,,,,,,,,,,,
"Дмитриев, Михаил Геннадьевич",,,,,,,,,,,,,,,,,,,,,,,,,,,,,,,,,
"Дмитриев, Николай Александрович (учёный)",,,,,,,,,,,,,,,,,,,,,,,,,,,,,,,,,
"Добрушин, Роланд Львович",,,,,,,,,,,,,,,,,,,,,,,,,,,,,,,,,
"Долбня, Иван Петрович",,,,,,,,,,,,,,,,,,,,,,,,,,,,,,,,,
"Долгачёв, Игорь Владимирович",,,,,,,,,,,,,,,,,,,,,,,,,,,,,,,,,
"Дородницын, Анатолий Алексеевич",,,,,,,,,,,,,,,,,,,,,,,,,,,,,,,,,
"Дорофеева, Алла Владимировна",,,,,,,,,,,,,,,,,,,,,,,,,,,,,,,,,
"Драгалин, Альберт Григорьевич",,,,,,,,,,,,,,,,,,,,,,,,,,,,,,,,,
"Дринфельд, Владимир Гершонович",,,,,,,,,,,,,,,,,,,,,,,,,,,,,,,,,
"Дубовицкий, Абрам Яковлевич",,,,,,,,,,,,,,,,,,,,,,,,,,,,,,,,,
"Дужин, Сергей Васильевич",,,,,,,,,,,,,,,,,,,,,,,,,,,,,,,,,
"Дымников, Валентин Павлович",,,,,,,,,,,,,,,,,,,,,,,,,,,,,,,,,
"Дынкин, Евгений Борисович",,,,,,,,,,,,,,,,,,,,,,,,,,,,,,,,,
"Дьяконов, Евгений Георгиевич",,,,,,,,,,,,,,,,,,,,,,,,,,,,,,,,,
"Дьяченко, Аммос Андреевич",,,,,,,,,,,,,,,,,,,,,,,,,,,,,,,,,
"Дьяченко, Вадим Евгеньевич",,,,,,,,,,,,,,,,,,,,,,,,,,,,,,,,,
"Дьяченко, Никита Андреевич",,,,,,,,,,,,,,,,,,,,,,,,,,,,,,,,,
"Дядькин, Иосиф Гецелевич",,,,,,,,,,,,,,,,,,,,,,,,,,,,,,,,,
"Евграфов, Марат Андреевич",,,,,,,,,,,,,,,,,,,,,,,,,,,,,,,,,
"Егоров, Дмитрий Фёдорович",,,,,,,,,,,,,,,,,,,,,,,,,,,,,,,,,
"Егоров, Юрий Владимирович",,,,,,,,,,,,,,,,,,,,,,,,,,,,,,,,,
"Емельянов, Станислав Васильевич",,,,,,,,,,,,,,,,,,,,,,,,,,,,,,,,,
"Ентов, Владимир Маркович",,,,,,,,,,,,,,,,,,,,,,,,,,,,,,,,,
"Ерёмин, Иван Иванович",,,,,,,,,,,,,,,,,,,,,,,,,,,,,,,,,
"Ермаков, Василий Петрович",,,,,,,,,,,,,,,,,,,,,,,,,,,,,,,,,
"Ермаков, Сергей Михайлович",,,,,,,,,,,,,,,,,,,,,,,,,,,,,,,,,
"Ермеков, Алимхан Абеуович",,,,,,,,,,,,,,,,,,,,,,,,,,,,,,,,,
"Еругин, Николай Павлович",,,,,,,,,,,,,,,,,,,,,,,,,,,,,,,,,
"Ершов, Александр Степанович",,,,,,,,,,,,,,,,,,,,,,,,,,,,,,,,,
"Ершов, Юрий Леонидович",,,,,,,,,,,,,,,,,,,,,,,,,,,,,,,,,
"Есенин-Вольпин, Александр Сергеевич",,,,,,,,,,,,,,,,,,,,,,,,,,,,,,,,,
"Ефимов, Николай Владимирович",,,,,,,,,,,,,,,,,,,,,,,,,,,,,,,,,
"Ефремович, Вадим Арсеньевич",,,,,,,,,,,,,,,,,,,,,,,,,,,,,,,,,
"Жаринов, Виктор Викторович",,,,,,,,,,,,,,,,,,,,,,,,,,,,,,,,,
"Жаутыков, Орымбек Ахметбекович",,,,,,,,,,,,,,,,,,,,,,,,,,,,,,,,,
"Жбиковский, Антон Ксаверьевич",,,,,,,,,,,,,,,,,,,,,,,,,,,,,,,,,
"Жегалкин, Иван Иванович",,,,,,,,,,,,,,,,,,,,,,,,,,,,,,,,,
"Жидков, Николай Петрович",,,,,,,,,,,,,,,,,,,,,,,,,,,,,,,,,
"Жижченко, Алексей Борисович",,,,,,,,,,,,,,,,,,,,,,,,,,,,,,,,,
"Жиков, Василий Васильевич",,,,,,,,,,,,,,,,,,,,,,,,,,,,,,,,,
"Журавлёв, Юрий Иванович",,,,,,,,,,,,,,,,,,,,,,,,,,,,,,,,,
"Забродин, Алексей Валериевич",,,,,,,,,,,,,,,,,,,,,,,,,,,,,,,,,
"Завало, Сергей Трофимович",,,,,,,,,,,,,,,,,,,,,,,,,,,,,,,,,
"Зайцев, Андрей Юрьевич",,,,,,,,,,,,,,,,,,,,,,,,,,,,,,,,,
"Закалюкин, Владимир Михайлович",,,,,,,,,,,,,,,,,,,,,,,,,,,,,,,,,
"Закарин, Аскар Закарьевич",,,,,,,,,,,,,,,,,,,,,,,,,,,,,,,,,
"Залгаллер, Виктор Абрамович",,,,,,,,,,,,,,,,,,,,,,,,,,,,,,,,,
"Заморзаев-Орлеанский, Александр Михайлович",,,,,,,,,,,,,,,,,,,,,,,,,,,,,,,,,
"Замятин, Алексей Петрович",,,,,,,,,,,,,,,,,,,,,,,,,,,,,,,,,
"Запольская, Любовь Николаевна",,1,,,,,,,,,,,,,,,,,,,,,,,,,,,,,,,
"Зарубин, Александр Николаевич",,,,,,,,,,,,,,,,,,,,,,,,,,,,,,,,,
"Захарян, Ваник Суренович",,,,,,,,,,,,,,,,,,,,,,,,,,,,,,,,,
"Зейлигер, Дмитрий Николаевич",,,,,,,,,,,,,,,,,,,,,,,,,,,,,,,,,
"Зелевинский, Андрей Владленович",,,,,,,,,,,,,,,,,,,,,,,,,,,,,,,,,
"Зеленяк, Тадей Иванович",,,,,,,,,,,,,,,,,,,,,,,,,,,,,,,,,
"Зеликин, Михаил Ильич",,,,,,,,,,,,,,,,,,,,,,,,,,,,,,,,,
"Зельманов, Абрам Леонидович",,,,,,,,,,,,,,,,,,,,,,,,,,,,,,,,,
"Зельманов, Ефим Исаакович",,,,,,,,,,,,,,,,,,,,,,,,,,,,,,,,,
"Земляков, Александр Николаевич",,,,,,,,,,,,,,,,,,,,,,,,,,,,,,,,,
"Зернов, Николай Ефимович",,,,,,,,,,,,,,,,,,,,,,,,,,,,,,,,,
"Зигель, Феликс Юрьевич",,,,,,,,,,,,,,,,,,,,,,,,,,,,,,,,,
"Золотарёв, Владимир Михайлович",,,,,,,,,,,,,,,,,,,,,,,,,,,,,,,,,
"Золотарёв, Егор Иванович",,,,,,,,,,,,,,,,,,,,,,,,,,,,,,,,,
"Золотов, Евгений Васильевич",,,,,,,,,,,,,,,,,,,,,,,,,,,,,,,,,
"Зорич, Антон Владимирович",,,,,,,,,,,,,,,,,,,,,,,,,,,,,,,,,
"Зорич, Владимир Антонович",,,,,,,,,,,,,,,,,,,,,,,,,,,,,,,,,
"Зубков, Андрей Михайлович",,,,,,,,,,,,,,,,,,,,,,,,,,,,,,,,,
"Зубов, Владимир Иванович",,,,,,,,,,,,,,,,,,,,,,,,,,,,,,,,,
"Зуховицкий, Семён Израилевич",,,,,,,,,,,,,,,,,,,,,,,,,,,,,,,,,
"Зыков, Александр Александрович",,,,,,,,,,,,,,,,,,,,,,,,,,,,,,,,,
"Ибрагимов, Ибрагим Ибишевич",,,,,,,,,,,,,,,,,,,,,,,,,,,,,,,,,
"Ибрагимов, Ильдар Абдуллович",,,,,,,,,,,,,,,,,,,,,,,,,,,,,,,,,
"Иванилов, Юрий Павлович",,,,,,,,,,,,,,,,,,,,,,,,,,,,,,,,,
"Иванов, Валентин Константинович",,,,,,,,,,,,,,,,,,,,,,,,,,,,,,,,,
"Иванов, Иван Иванович (математик)",,,,,,,,,,,,,,,,,,,,,,,,,,,,,,,,,
"Иванов, Сергей Владимирович (математик)",,,,,,,,,,,,,,,,,,,,,,,,,,,,,,,,,
"Ивашёв-Мусатов, Олег Сергеевич",,,,,,,,,,,,,,,,,,,,,,,,,,,,,,,,,
"Ивлев, Борис Михайлович",,,,,,,,,,,,,,,,,,,,,,,,,,,,,,,,,
"Ивочкина, Нина Михайловна",,,,,,,,,,,,,,,,,,,,,,,,,,,,,,,,,
"Игнатовский, Владимир Сергеевич",,,,,,,,,,,,,,,,,,,,,,,,,,,,,,,,,
"Изаак, Александр Давидович",,,,,,,,,,,,,,,,,,,,,,,,,,,,,,,,,
"Извольский, Николай Александрович",,,,,,,,,,,,,,,,,,,,,,,,,,,,,,,,,
"Илолов, Мамадшо Илолович",,,,,,,,,,,,,,,,,,,,,,,,,,,,,,,,,
"Ильин, Арлен Михайлович",,,,,,,,,,,,,,,,,,,,,,,,,,,,,,,,,
"Ильин, Владимир Александрович",,,,,,,,,,,,,,,,,,,,,,,,,,,,,,,,,
"Ильинский, Алексей Никанорович",,,,,,,,,,,,,,,,,,,,,,,,,,,,,,,,,
"Ильяшенко, Юлий Сергеевич",,,,,,,,,,,,,,,,,,,,,,,,,,,,,,,,,
"Иманалиев, Мурзабек Иманалиевич",,,,,,,,,,,,,,,,,,,,,,,,,,,,,,,,,
"Имшенецкий, Василий Григорьевич",,,,,,,,,,,,,,,,,,,,,,,,,,,,,,,,,
"Иохвидов, Иосиф Семёнович",,,,,,,,,,,,,,,,,,,,,,,,,,,,,,,,,
"Исаханлы, Гамлет Абдулла оглы",,,,,,,,,,,,,,,,,,,,,,,,,,,,,,,,,
"Исковских, Василий Алексеевич",,,,,,,,,,,,,,,,,,,,,,,,,,,,,,,,,
"Кабак, Валерий Иванович",,,,,,2009,5224,25,66,0,395,0,2,3,?,1,,,,0,0,0,1,0,0,Кабак Валерий Иванович,1,1,126,,,,
"Каган, Вениамин Фёдорович",,,,,,2007,37696,44,140,6,3591,0,12,35,,6,,,,0,0,0,0,0,0,Каган В Ф,2,1,364,,,,
"Каждан, Давид",,,,,,2008,8275,43,101,11,3503,0,3,33,,3,,,,0,0,0,0,0,0,,12,56,2620,,,,
"Каледин, Дмитрий Борисович",,,,,,2014,9249,7,17,0,2113,0,2,8,,4,,,,0,0,0,30,254,8,,33,57,3219,,,,
"Камынин, Леонид Иванович (математик)",,,,,,2014,9237,6,28,0,693,0,0,7,,8,,,,0,0,0,0,0,0,,69,48,4662,,,,
"Канель-Белов, Алексей Яковлевич",,,,,,2012,4870,15,21,0,1279,0,2,2,,3,,,,,,,,,,,,,,,,,
"Канторович, Леонид Витальевич",,,,,,2005,36300,157,323,51,46200,31,6,99,,12,,,,,,,,,,,,,,,,,
"Карастелев, Корнелий Иванович",,,,,,,,,,,,,,,,,,,,,,,,,,,,,,,,,
"Карацуба, Анатолий Алексеевич",,,,,,2009,88844,,536,14,6248,0,3,17,,2,,,,,,,,,,,,,,,,,
"Каргаполов, Михаил Иванович",,,,,,2015,10578,,84,0,733,0,3,6,,5,,,,,,,,,,,,,,,,,
"Кары-Ниязов, Ташмухамед Ниязович",,,,,,,,,,,,,,,,,,,,,,,,,,,,,,,,,
"Касим-Заде, Октай Мурадович",,,,,,,,,,,,,,,,,,,,,,,,,,,,,,,,,
"Каток, Анатолий Борисович",,,,,,,,,,,,,,,,,,,,,,,,,,,,,,,,,
"Каток, Светлана Борисовна",,,,,,,,,,,,,,,,,,,,,,,,,,,,,,,,,
"Кац, Виктор Гершевич",,,,,,,,,,,,,,,,,,,,,,,,,,,,,,,,,
"Кашин, Борис Сергеевич",,,,,,,,,,,,,,,,,,,,,,,,,,,,,,,,,
"Кваша, Гершко Иосифович",,,,,,,,,,,,,,,,,,,,,,,,,,,,,,,,,
"Келдыш, Людмила Всеволодовна",,,,,,,,,,,,,,,,,,,,,,,,,,,,,,,,,
"Кибель, Илья Афанасьевич",,,,,,,,,,,,,,,,,,,,,,,,,,,,,,,,,
"Кипнис, Михаил Маркович",,,,,,,,,,,,,,,,,,,,,,,,,,,,,,,,,
Кирик Новгородец,,,,,,,,,,,,,,,,,,,,,,,,,,,,,,,,,
"Кириллов, Александр Александрович",,,,,,,,,,,,,,,,,,,,,,,,,,,,,,,,,
"Кириллов, Александр Александрович (младший)",,,,,,,,,,,,,,,,,,,,,,,,,,,,,,,,,
"Кисляков, Сергей Витальевич",,,,,,,,,,,,,,,,,,,,,,,,,,,,,,,,,
"Киселёв, Андрей Петрович",,,,,,,,,,,,,,,,,,,,,,,,,,,,,,,,,
"Кобельков, Георгий Михайлович",,,,,,,,,,,,,,,,,,,,,,,,,,,,,,,,,
"Ковалевская, Софья Васильевна",,,,,,,,,,,,,,,,,,,,,,,,,,,,,,,,,
"Коваленко, Игорь Николаевич",,,,,,,,,,,,,,,,,,,,,,,,,,,,,,,,,
"Ковнер, Семён Самсонович",,,,,,,,,,,,,,,,,,,,,,,,,,,,,,,,,
"Когбетлянц, Ерванд Геворгович",,,,,,,,,,,,,,,,,,,,,,,,,,,,,,,,,
"Козлов, Валерий Васильевич",,,,,,,,,,,,,,,,,,,,,,,,,,,,,,,,,
"Козлов, Владимир Яковлевич",,,,,,,,,,,,,,,,,,,,,,,,,,,,,,,,,
"Коллинс, Эдуард Давыдович",,,,,,,,,,,,,,,,,,,,,,,,,,,,,,,,,
"Колмогоров, Андрей Николаевич",,,,,,,,,,,,,,,,,,,,,,,,,,,,,,,,,
"Колосов, Гурий Васильевич",,,,,,,,,,,,,,,,,,,,,,,,,,,,,,,,,
"Колотов, Степан Митрофанович",,,,,,,,,,,,,,,,,,,,,,,,,,,,,,,,,
"Колывагин, Виктор Александрович",,,,,,,,,,,,,,,,,,,,,,,,,,,,,,,,,
"Кольман, Эрнест Яромирович",,,,,,,,,,,,,,,,,,,,,,,,,,,,,,,,,
"Комраков, Борис Петрович",,,,,,,,,,,,,,,,,,,,,,,,,,,,,,,,,
"Кондратьев, Анатолий Семенович",,,,,,,,,,,,,,,,,,,,,,,,,,,,,,,,,
"Кондратьев, Владимир Александрович",,,,,,,,,,,,,,,,,,,,,,,,,,,,,,,,,
"Коновалов, Анатолий Николаевич",,,,,,,,,,,,,,,,,,,,,,,,,,,,,,,,,
"Константинов, Николай Николаевич",,,,,,,,,,,,,,,,,,,,,,,,,,,,,,,,,
"Конторович, Пётр Григорьевич",,,,,,,,,,,,,,,,,,,,,,,,,,,,,,,,,
"Кон-Фоссен, Стефан Эммануилович",,,,,,,,,,,,,,,,,,,,,,,,,,,,,,,,,
"Конягин, Сергей Владимирович",,,,,,,,,,,,,,,,,,,,,,,,,,,,,,,,,
"Копанский, Александр Яковлевич",,,,,,,,,,,,,,,,,,,,,,,,,,,,,,,,,
"Кордемский, Борис Анастасьевич",,,,,,,,,,,,,,,,,,,,,,,,,,,,,,,,,
"Коркин, Александр Николаевич",,,,,,,,,,,,,,,,,,,,,,,,,,,,,,,,,
"Корнейчук, Николай Павлович",,,,,,,,,,,,,,,,,,,,,,,,,,,,,,,,,
"Коробейников, Виктор Павлович",,,,,,,,,,,,,,,,,,,,,,,,,,,,,,,,,
"Коробов, Николай Михайлович",,,,,,,,,,,,,,,,,,,,,,,,,,,,,,,,,
"Королюк, Владимир Семёнович",,,,,,,,,,,,,,,,,,,,,,,,,,,,,,,,,
"Костелянец, Пётр Оскарович",,,,,,,,,,,,,,,,,,,,,,,,,,,,,,,,,
"Костицын, Владимир Александрович",,,,,,,,,,,,,,,,,,,,,,,,,,,,,,,,,
"Костомаров, Дмитрий Павлович",,,,,,,,,,,,,,,,,,,,,,,,,,,,,,,,,
"Кострикин, Алексей Иванович",,,,,,,,,,,,,,,,,,,,,,,,,,,,,,,,,
"Костюченко, Анатолий Гордеевич",,,,,,,,,,,,,,,,,,,,,,,,,,,,,,,,,
"Котельников, Александр Петрович",,,,,,,,,,,,,,,,,,,,,,,,,,,,,,,,,
"Котельников, Пётр Иванович",,,,,,,,,,,,,,,,,,,,,,,,,,,,,,,,,
"Котельников, Семён Кириллович",,,,,,,,,,,,,,,,,,,,,,,,,,,,,,,,,
"Котов, Иван Иванович (математик)",,,,,,,,,,,,,,,,,,,,,,,,,,,,,,,,,
"Кочин, Николай Евграфович",,,,,,,,,,,,,,,,,,,,,,,,,,,,,,,,,
"Кочина, Пелагея Яковлевна",,,,,,,,,,,,,,,,,,,,,,,,,,,,,,,,,
"Коялович, Борис Михайлович",,,,,,,,,,,,,,,,,,,,,,,,,,,,,,,,,
"Кравченко, Виктор Филиппович",,,,,,,,,,,,,,,,,,,,,,,,,,,,,,,,,
"Кравчук, Михаил Филиппович",,,,,,,,,,,,,,,,,,,,,,,,,,,,,,,,,
"Краснер, Наум Яковлевич",,,,,,,,,,,,,,,,,,,,,,,,,,,,,,,,,
"Красносельский, Марк Александрович",,,,,,,,,,,,,,,,,,,,,,,,,,,,,,,,,
"Краснощёков, Павел Сергеевич",,,,,,,,,,,,,,,,,,,,,,,,,,,,,,,,,
"Красовский, Николай Николаевич",,,,,,,,,,,,,,,,,,,,,,,,,,,,,,,,,
"Крафт, Георг Вольфганг",,,,,,,,,,,,,,,,,,,,,,,,,,,,,,,,,
"Крейн, Марк Григорьевич",,,,,,,,,,,,,,,,,,,,,,,,,,,,,,,,,
"Крейн, Селим Григорьевич",,,,,,,,,,,,,,,,,,,,,,,,,,,,,,,,,
"Кронрод, Александр Семёнович",,,,,,,,,,,,,,,,,,,,,,,,,,,,,,,,,
"Кропоткин, Александр Алексеевич",,,,,,,,,,,,,,,,,,,,,,,,,,,,,,,,,
"Кротов, Вадим Фёдорович",,,,,,,,,,,,,,,,,,,,,,,,,,,,,,,,,
"Кружков, Станислав Николаевич",,,,,,,,,,,,,,,,,,,,,,,,,,,,,,,,,
"Крупник, Наум Яковлевич",,,,,,,,,,,,,,,,,,,,,,,,,,,,,,,,,
"Крутов, Виталий Иванович",,,,,,,,,,,,,,,,,,,,,,,,,,,,,,,,,
"Крылов, Алексей Николаевич",,,,,,,,,,,,,,,,,,,,,,,,,,,,,,,,,
"Крылов, Николай Митрофанович",,,,,,,,,,,,,,,,,,,,,,,,,,,,,,,,,
"Кряжимский, Аркадий Викторович",,,,,,,,,,,,,,,,,,,,,,,,,,,,,,,,,
"Кублановская, Вера Николаевна",,,,,,,,,,,,,,,,,,,,,,,,,,,,,,,,,
"Кудрявцев, Лев Дмитриевич",,,,,,,,,,,,,,,,,,,,,,,,,,,,,,,,,
"Кузин, Лев Тимофеевич",,,,,,,,,,,,,,,,,,,,,,,,,,,,,,,,,
"Кузнецов, Александр Геннадьевич",,,,,,,,,,,,,,,,,,,,,,,,,,,,,,,,,
"Кузнецов, Владимир Алексеевич (учёный)",,,,,,,,,,,,,,,,,,,,,,,,,,,,,,,,,
"Кузнецов, Николай Васильевич (математик)",,,,,,,,,,,,,,,,,,,,,,,,,,,,,,,,,
"Кузьмин, Родион Осиевич",,,,,,,,,,,,,,,,,,,,,,,,,,,,,,,,,
"Кукин, Георгий Петрович",,,,,,,,,,,,,,,,,,,,,,,,,,,,,,,,,
"Кулешов, Александр Петрович (учёный)",,,,,,,,,,,,,,,,,,,,,,,,,,,,,,,,,
"Куликовский, Андрей Геннадиевич",,,,,,,,,,,,,,,,,,,,,,,,,,,,,,,,,
"Кулишер, Александр Рувимович",,,,,,,,,,,,,,,,,,,,,,,,,,,,,,,,,
"Курганов, Николай Гаврилович",,,,,,,,,,,,,,,,,,,,,,,,,,,,,,,,,
"Куржанский, Александр Борисович",,,,,,,,,,,,,,,,,,,,,,,,,,,,,,,,,
"Курляндцев, Николай Дмитриевич",,,,,,,,,,,,,,,,,,,,,,,,,,,,,,,,,
"Курош, Александр Геннадиевич",,,,,,,,,,,,,,,,,,,,,,,,,,,,,,,,,
"Кутателадзе, Семён Самсонович",,,,,,,,,,,,,,,,,,,,,,,,,,,,,,,,,
"Куфарев, Павел Парфеньевич",,,,,,,,,,,,,,,,,,,,,,,,,,,,,,,,,
"Кушнер, Борис Абрамович",,,,,,,,,,,,,,,,,,,,,,,,,,,,,,,,,
"Кушниренко, Анатолий Георгиевич",,,,,,,,,,,,,,,,,,,,,,,,,,,,,,,,,
"Лаврентьев, Михаил Алексеевич",,8,,,,,,,,,,,,,,,,,,,,,,,,,,,,,,,
"Лаврентьев, Михаил Михайлович (старший)",,1,,,,,,,,,,,,,,,,,,,,,,,,,,,,,,,
"Лаврик, Александр Фёдорович",,3,,,,,,,,,,,,,,,,,,,,,,,,,,,,,,,
"Лавров, Святослав Сергеевич",,1,,,,,,,,,,,,,,,,,,,,,,,,,,,,,,,
"Лавут, Александр Павлович",,1,,,,,,,,,,,,,,,,,,,,,,,,,,,,,,,
"Ладыженская, Ольга Александровна",,3,,,,,,,,,,,,,,,,,,,,,,,,,,,,,,,
"Ландис, Евгений Михайлович",,1,,,,,,,,,,,,,,,,,,,,,,,,,,,,,,,
"Лаптев, Борис Лукич",,1,,,,,,,,,,,,,,,,,,,,,,,,,,,,,,,
"Латышев, Виктор Николаевич",,2,,,,,,,,,,,,,,,,,,,,,,,,,,,,,,,
"Лахтин, Леонид Кузьмич",,2,,,,,,,,,,,,,,,,,,,,,,,,,,,,,,,
"Лебедев, Вячеслав Иванович",,4,,,,,,,,,,,,,,,,,,,,,,,,,,,,,,,
"Лебедев, Николай Фролович",,3,,,,,,,,,,,,,,,,,,,,,,,,,,,,,,,
"Левенштейн, Владимир Иосифович",,2,,,,,,,,,,,,,,,,,,,,,,,,,,,,,,,
"Левин, Борис Яковлевич",,3,,,,,,,,,,,,,,,,,,,,,,,,,,,,,,,
"Левин, Виталий Ильич",,1,,,,,,,,,,,,,,,,,,,,,,,,,,,,,,,
"Левин, Леонид Анатольевич",,1,,,,,,,,,,,,,,,,,,,,,,,,,,,,,,,
"Левин, Юрий Иосифович",,1,,,,,,,,,,,,,,,,,,,,,,,,,,,,,,,
"Левитан, Борис Моисеевич",,3,,,,,,,,,,,,,,,,,,,,,,,,,,,,,,,
"Левкович-Маслюк, Леонид Иванович",,1,,,,,,,,,,,,,,,,,,,,,,,,,,,,,,,
"Левченков, Вячеслав Степанович",,1,,,,,,,,,,,,,,,,,,,,,,,,,,,,,,,
"Лёвшин, Владимир Артурович",,1,,,,,,,,,,,,,,,,,,,,,,,,,,,,,,,
"Лексель, Андрей Иванович",,3,,,,,,,,,,,,,,,,,,,,,,,,,,,,,,,
"Леонтьев, Алексей Фёдорович",,1,,,,,,,,,,,,,,,,,,,,,,,,,,,,,,,
"Лерер, Леонид Ефимович",,1,,,,,,,,,,,,,,,,,,,,,,,,,,,,,,,
"Летников, Алексей Васильевич",,1,,,,,,,,,,,,,,,,,,,,,,,,,,,,,,,
"Лефевр, Владимир Александрович",,1,,,,,,,,,,,,,,,,,,,,,,,,,,,,,,,
"Либер, Александр Евгеньевич",,1,,,,,,,,,,,,,,,,,,,,,,,,,,,,,,,
"Либерман, Иосиф Меерович",,1,,,,,,,,,,,,,,,,,,,,,,,,,,,,,,,
"Лигин, Валериан Николаевич",,1,,,,,,,,,,,,,,,,,,,,,,,,,,,,,,,
"Лигун, Анатолий Александрович",,2,,,,,,,,,,,,,,,,,,,,,,,,,,,,,,,
"Лидский, Виктор Борисович",,1,,,,,,,,,,,,,,,,,,,,,,,,,,,,,,,
"Лизоркин, Пётр Иванович",,4,,,,,,,,,,,,,,,,,,,,,,,,,,,,,,,
"Линдеберг, Ярл Вальдемар",,1,,,,,,,,,,,,,,,,,,,,,,,,,,,,,,,
"Линделёф, Лоренц",,1,,,,,,,,,,,,,,,,,,,,,,,,,,,,,,,
"Линник, Юрий Владимирович (математик)",,3,,,,,,,,,,,,,,,,,,,,,,,,,,,,,,,
"Липкин, Липман Израилевич",,1,,,,,,,,,,,,,,,,,,,,,,,,,,,,,,,
"Липовецкий, Арон",,1,,,,,,,,,,,,,,,,,,,,,,,,,,,,,,,
"Лифанов, Иван Кузьмич",,2,,,,,,,,,,,,,,,,,,,,,,,,,,,,,,,
"Лобанов, Семён",,1,,,,,,,,,,,,,,,,,,,,,,,,,,,,,,,
"Лобачевский, Николай Иванович",,9,,,,,,,,,,,,,,,,,,,,,,,,,,,,,,,
"Лопатинский, Ярослав Борисович",,3,,,,,,,,,,,,,,,,,,,,,,,,,,,,,,,
"Лопшиц, Абрам Миронович",,,,,,,,,,,,,,,,,,,,,,,,,,,,,,,,,
"Лузин, Николай Николаевич",,6,,,,,,,,,,,,,,,,,,,,,,,,,,,,,,,
"Лукьянов, Яков Афанасьевич",,1,,,,,,,,,,,,,,,,,,,,,,,,,,,,,,,
"Лумельский, Ян Петрович",,4,,,,,,,,,,,,,,,,,,,,,,,,,,,,,,,
"Лупанов, Олег Борисович",,2,,,,,,,,,,,,,,,,,,,,,,,,,,,,,,,
"Люстерник, Лазарь Аронович",,2,,,,,,,,,,,,,,,,,,,,,,,,,,,,,,,
"Ляпунов, Александр Михайлович",,8,,,,,,,,,,,,,,,,,,,,,,,,,,,,,,,
"Ляпунов, Алексей Андреевич",,,,,,,,,,,,,,,,,,,,,,,,,,,,,,,,,
"Ляшко, Иван Иванович",,,,,,,,,,,,,,,,,,,,,,,,,,,,,,,,,
"Магницкий, Леонтий Филиппович",,1,,,,,,,,,,,,,,,,,,,,,,,,,,,,,,,
"Мазалов, Владимир Викторович",,,,,,,13711,17,121,0,986,0,2,,,4,,,Vladimir Mazalov,1165,13,18,,,,,,,,,,,
"Мазуров, Владимир Данилович",,1,,,,,,,,,,,,,,,,,,,,,,,,,,,,,,,
"Майер, Фридрих Христофор",,1,,,,,,,,,,,,,,,,,,,,,,,,,,,,,,,
"Макаров, Валерий Леонидович",,1,,,,,,,,,,,,,,,,,,,,,,,,,,,,,,,
"Макаров, Николай Иванович",,1,,,,,,,,,,,,,,,,,,,,,,,,,,,,,,,
"Максимович, Александр Петрович",,1,,,,,,,,,,,,,,,,,,,,,,,,,,,,,,,
"Максудов, Фарамаз Газанфар оглы",,2,,,,,,,,,,,,,,,,,,,,,,,,,,,,,,,
"Маланин, Владимир Владимирович",,1,,,,,,,,,,,,,,,,,,,,,,,,,,,,,,,
"Малаховский, Владислав Степанович",,1,,,,,,,,,,,,,,,,,,,,,,,,,,,,,,,
"Малинецкий, Георгий Геннадиевич",,1,,,,,,,,,,,,,,,,,,,,,,,,,,,,,,,
"Малинин, Александр Фёдорович",,1,,,,,,,,,,,,,,,,,,,,,,,,,,,,,,,
"Малкин, Иоэль Гильевич",,1,,,,,,,,,,,,,,,,,,,,,,,,,,,,,,,
"Малков, Сергей Юрьевич",,2,,,,,,,,,,,,,,,,,,,,,,,,,,,,,,,
"Мальцев, Анатолий Иванович",,3,,,,,,,,,,,,,,,,,,,,,,,,,,,,,,,
"Манаков, Сергей Валентинович",,1,,,,,,,,,,,,,,,,,,,,,,,,,,,,,,,
"Манин, Юрий Иванович",,4,,,,,,,,,,,,,,,,,,,,,,,,,,,,,,,
"Манукян, Вазген Микаэлович",,1,,,,,,,,,,,,,,,,,,,,,,,,,,,,,,,
"Маргулис, Григорий Александрович",,3,,,,,,,,,,,,,,,,,,,,,,,,,,,,,,,
"Марджанишвили, Константин Константинович",,1,,,,,,,,,,,,,,,,,,,,,,,,,,,,,,,
"Маричев, Олег Игоревич",,2,,,,,,,,,,,,,,,,,,,,,,,,,,,,,,,
"Марков, Александр Александрович (математик)",,1,,,,,,,,,,,,,,,,,,,,,,,,,,,,,,,
"Марков, Андрей Андреевич (младший)",,2,,,,,,,,,,,,,,,,,,,,,,,,,,,,,,,
"Марков, Андрей Андреевич (старший)",,7,,,,,,,,,,,,,,,,,,,,,,,,,,,,,,,
"Маркус, Александр Семёнович",,1,,,,,,,,,,,,,,,,,,,,,,,,,,,,,,,
"Маркушевич, Алексей Иванович",,1,,,,,,,,,,,,,,,,,,,,,,,,,,,,,,,
"Марченко, Владимир Александрович",,3,,,,,,,,,,,,,,,,,,,,,,,,,,,,,,,
"Марчук, Гурий Иванович",,,,,,,,,,,,,,,,,,,,,,,,,,,,,,,,,
"Маслов, Виктор Павлович",,,,,,,,,,,,,,,,,,,,,,,,,,,,,,,,,
"Матвеев, Сергей Владимирович",,2,,,,,,,,,,,,,,,,,,,,,,,,,,,,,,,
"Матвиевская, Галина Павловна",,1,,,,,,,,,,,,,,,,,,,,,,,,,,,,,,,
"Матизен, Виктор Эдуардович",,1,,,,,,,,,,,,,,,,,,,,,,,,,,,,,,,
"Матиясевич, Юрий Владимирович",,3,,,,,,,,,,,,,,,,,,,,,,,,,,,,,,,
"Матросов, Виктор Леонидович",,1,,,,,,,,,,,,,,,,,,,,,,,,,,,,,,,
"Махнёв, Александр Алексеевич",,1,,,,,,,,,,,,,,,,,,,,,,,,,,,,,,,
"Медведев, Павел Алексеевич",,1,,,,,,,,,,,,,,,,,,,,,,,,,,,,,,,
"Мейман, Наум Натанович",,1,,,,,,,,,,,,,,,,,,,,,,,,,,,,,,,
"Мельников, Иван Иванович (политик)",,1,,,,,,,,,,,,,,,,,,,,,,,,,,,,,,,
"Меньшов, Дмитрий Евгеньевич",,3,,,,,,,,,,,,,,,,,,,,,,,,,,,,,,,
"Мергелян, Сергей Никитович",,2,,,,,,,,,,,,,,,,,,,,,,,,,,,,,,,
"Мещерский, Иван Всеволодович",,,,,,,,,,,,,,,,,,,,,,,,,,,,,,,,,
"Миклюков, Владимир Михайлович",,1,,,,,,,,,,,,,,,,,,,,,,,,,,,,,,,
"Миков, Александр Иванович",,1,,,,,,,,,,,,,,,,,,,,,,,,,,,,,,,
"Милин, Исаак Моисеевич",,5,,,,,,,,,,,,,,,,,,,,,,,,,,,,,,,
"Миллионщиков, Владимир Михайлович",,1,,,,,,,,,,,,,,,,,,,,,,,,,,,,,,,
"Мильман, Виталий Давидович",,2,,,,,,,,,,,,,,,,,,,,,,,,,,,,,,,
"Мильман, Давид Пинхусович",,2,,,,,,,,,,,,,,,,,,,,,,,,,,,,,,,
"Мильман, Пьер Давидович",,1,,,,,,,,,,,,,,,,,,,,,,,,,,,,,,,
"Миндинг, Фердинанд Готлибович",,3,,,,,,,,,,,,,,,,,,,,,,,,,,,,,,,
"Минлос, Роберт Адольфович",,1,,,,,,,,,,,,,,,,,,,,,,,,,,,,,,,
"Минятов, Александр Константинович",,1,,,,,,,,,,,,,,,,,,,,,,,,,,,,,,,
"Мирзоев, Карахан Агахан оглы",,1,,,,,,,,,,,,,,,,,,,,,,,,,,,,,,,
"Миркес, Евгений Моисеевич",,1,,,,,,,,,,,,,,,,,,,,,,,,,,,,,,,
"Мироненко, Владимир Иванович",,3,,,,,,,,,,,,,,,,,,,,,,,,,,,,,,,
"Миронов, Павел Миронович",,1,,,,,,,,,,,,,,,,,,,,,,,,,,,,,,,
"Мисюркеев, Иван Васильевич",,3,,,,,,,,,,,,,,,,,,,,,,,,,,,,,,,
"Митропольский, Юрий Алексеевич",,1,,,,,,,,,,,,,,,,,,,,,,,,,,,,,,,
"Михайленко, Борис Григорьевич",,1,,,,,,,,,,,,,,,,,,,,,,,,,,,,,,,
"Михайлов, Валентин Петрович",,1,,,,,,,,,,,,,,,,,,,,,,,,,,,,,,,
"Михалёв, Александр Васильевич",,1,,,,,,,,,,,,,,,,,,,,,,,,,,,,,,,
"Михалевич, Владимир Сергеевич",,1,,,,,,,,,,,,,,,,,,,,,,,,,,,,,,,
"Михельсон, Николай Семёнович",,1,,,,,,,,,,,,,,,,,,,,,,,,,,,,,,,
"Михлин, Соломон Григорьевич",,1,,,,,,,,,,,,,,,,,,,,,,,,,,,,,,,
"Мищенко, Александр Сергеевич",,1,,,,,,,,,,,,,,,,,,,,,,,,,,,,,,,
"Мищенко, Евгений Фролович",,,,,,,,,,,,,,,,,,,,,,,,,,,,,,,,,
"Млодзиевский, Болеслав Корнелиевич",,1,,,,,,,,,,,,,,,,,,,,,,,,,,,,,,,
"Могильницкий, Вадим Анатольевич",,1,,,,,,,,,,,,,,,,,,,,,,,,,,,,,,,
"Моисеев, Евгений Иванович",,1,,,,,,,,,,,,,,,,,,,,,,,,,,,,,,,
"Моисеев, Никита Николаевич",,,,,,,,,,,,,,,,,,,,,,,,,,,,,,,,,
"Мойшезон, Борис Гершевич",,1,,,,,,,,,,,,,,,,,,,,,,,,,,,,,,,
"Молин, Фёдор Эдуардович",,,,,,,,,,,,,,,,,,,,,,,,,,,,,,,,,
"Молчанов, Альберт Макарьевич",,2,,,,,,,,,,,,,,,,,,,,,,,,,,,,,,,
"Монахов, Валентин Николаевич",,2,,,,,,,,,,,,,,,,,,,,,,,,,,,,,,,
"Мордухай-Болтовской, Дмитрий Дмитриевич",,3,,,,,,,,,,,,,,,,,,,,,,,,,,,,,,,
"Моттль, Вадим Вячеславович",,2,,,,,,,,,,,,,,,,,,,,,,,,,,,,,,,
"Мула, Фредерик",,1,,,,,,,,,,,,,,,,,,,,,,,,,,,,,,,
"Муртазин, Хайрулла Хабибуллович",,1,,,,,,,,,,,,,,,,,,,,,,,,,,,,,,,
"Мусхелишвили, Николай Иванович",,3,,,,,,,,,,,,,,,,,,,,,,,,,,,,,,,
"Мучник, Андрей Альбертович",,1,,,,,,,,,,,,,,,,,,,,,,,,,,,,,,,
"Мышкис, Анатолий Дмитриевич",,4,,,,,,,,,,,,,,,,,,,,,,,,,,,,,,,
"Назимов, Пётр Сергеевич",,,,,,,,,,,,,,,,,,,,,,,,,,,,,,,,,
"Наймарк, Марк Аронович",,,,,,,,,,,,,,,,,,,,,,,,,,,,,,,,,
"Налимов, Василий Васильевич",,,,,,,,,,,,,,,,,,,,,,,,,,,,,,,,,
"Напалков, Валентин Васильевич",,,,,,,,,,,,,,,,,,,,,,,,,,,,,,,,,
"Натансон, Исидор Павлович",,,,,,,,,,,,,,,,,,,,,,,,,,,,,,,,,
"Неймарк, Юрий Исаакович",,,,,,,,,,,,,,,,,,,,,,,,,,,,,,,,,
"Нейштадт, Анатолий Исерович",,,,,,,,,,,,,,,,,,,,,,,,,,,,,,,,,
"Некрасов, Александр Иванович",,,,,,,,,,,,,,,,,,,,,,,,,,,,,,,,,
"Некрасов, Павел Алексеевич",,,,,,,,,,,,,,,,,,,,,,,,,,,,,,,,,
"Нелепин, Рональд Аполлонович",,,,,,,,,,,,,,,,,,,,,,,,,,,,,,,,,
"Немыцкий, Виктор Владимирович",,,,,,,,,,,,,,,,,,,,,,,,,,,,,,,,,
"Непейвода, Николай Николаевич",,,,,,,,,,,,,,,,,,,,,,,,,,,,,,,,,
"Нестеренко, Юрий Валентинович",,,,,,,,,,,,,,,,,,,,,,,,,,,,,,,,,
"Нестеров, Юрий Евгеньевич",,,,,,,,,,,,,,,,,,,,,,,,,,,,,,,,,
"Нехорошев, Николай Николаевич",,,,,,,,,,,,,,,,,,,,,,,,,,,,,,,,,
"Нечаев, Василий Ильич",,,,,,,,,,,,,,,,,,,,,,,,,,,,,,,,,
"Никитин, Василий Никитич (математик)",,,,,,,,,,,,,,,,,,,,,,,,,,,,,,,,,
"Никитин, Николай Никифорович",,,,,,,,,,,,,,,,,,,,,,,,,,,,,,,,,
"Никольский, Сергей Михайлович",,,,,,,,,,,,,,,,,,,,,,,,,,,,,,,,,
"Новиков, Дмитрий Александрович",,,,,,,,,,,,,,,,,,,,,,,,,,,,,,,,,
"Новиков, Пётр Сергеевич",,,,,,,,,,,,,,,,,,,,,,,,,,,,,,,,,
"Новиков, Сергей Петрович (математик)",,,,,,,,,,,,,,,,,,,,,,,,,,,,,,,,,
"Норден, Александр Петрович",,,,,,,,,,,,,,,,,,,,,,,,,,,,,,,,,
"Носовский, Глеб Владимирович",,,,,,,,,,,,,,,,,,,,,,,,,,,,,,,,,
"Овсянников, Лев Васильевич",,,,,,,,,,,,,,,,,,,,,,,,,,,,,,,,,
"Оганесян, Леонард Амаякович",,,,,,,,,,,,,,,,,,,,,,,,,,,,,,,,,
"Окуньков, Андрей Юрьевич",,,,,,,,,,,,,,,,,,,,,,,,,,,,,,,,,
"Олейник, Ольга Арсеньевна",,,,,,,,,,,,,,,,,,,,,,,,,,,,,,,,,
"Оловянишников, Сергей Пантелеймонович",,,,,,,,,,,,,,,,,,,,,,,,,,,,,,,,,
"Ольшанский, Александр Юрьевич",,,,,,,,,,,,,,,,,,,,,,,,,,,,,,,,,
"Ольшевский, Вадим Рудольфович",,,,,,,,,,,,,,,,,,,,,,,,,,,,,,,,,
"Орлов, Александр Иванович (учёный)",,,,,,,,,,,,,,,,,,,,,,,,,,,,,,,,,
"Оселедец, Валерий Иустинович",,,,,,,,,,,,,,,,,,,,,,,,,,,,,,,,,
"Осипов, Юрий Сергеевич",,,,,,,,,,,,,,,,,,,,,,,,,,,,,,,,,
"Осиповский, Тимофей Фёдорович",,,,,,,,,,,,,,,,,,,,,,,,,,,,,,,,,
"Остроградский, Михаил Васильевич",,,,,,,,,,,,,,,,,,,,,,,,,,,,,,,,,
"Отелбаев, Мухтарбай Отелбаевич",,,,,,,,,,,,,,,,,,,,,,,,,,,,,,,,,
"Офман, Юрий Петрович",,,,,,,,,,,,,,,,,,,,,,,,,,,,,,,,,
"Охоцимский, Дмитрий Евгеньевич",,,,,,,,,,,,,,,,,,,,,,,,,,,,,,,,,
"Павлов, Борис Сергеевич",,,,,,,,,,,,,,,,,,,,,,,,,,,,,,,,,
"Павловский, Юрий Николаевич",,,,,,,,,,,,,,,,,,,,,,,,,,,,,,,,,
"Пальцев, Борис Васильевич",,,,,,,,,,,,,,,,,,,,,,,,,,,,,,,,,
"Панин, Иван Александрович (математик)",,,,,,,,,,,,,,,,,,,,,,,,,,,,,,,,,
"Панкевич, Михаил Иванович",,,,,,,,,,,,,,,,,,,,,,,,,,,,,,,,,
"Пановко, Яков Гилелевич",,,,,,,,,,,,,,,,,,,,,,,,,,,,,,,,,
"Панюков, Анатолий Васильевич",,,,,,,,,,,,,,,,,,,,,,,,,,,,,,,,,
"Парфентьев, Николай Николаевич",,,,,,,,,,,,,,,,,,,,,,,,,,,,,,,,,
"Пархоменко, Алексей Серапионович",,,,,,,,,,,,,,,,,,,,,,,,,,,,,,,,,
"Паршин, Алексей Николаевич",,,,,,,,,,,,,,,,,,,,,,,,,,,,,,,,,
"Паукер, Магнус Георг фон",,,,,,,,,,,,,,,,,,,,,,,,,,,,,,,,,
"Пентковский, Мстислав Вячеславович",,,,,,,,,,,,,,,,,,,,,,,,,,,,,,,,,
"Первушин, Иван Михеевич",,,,,,,,,,,,,,,,,,,,,,,,,,,,,,,,,
"Перевощиков, Дмитрий Матвеевич",,,,,,,,,,,,,,,,,,,,,,,,,,,,,,,,,
"Перелогов, Тимофей Иванович",,,,,,,,,,,,,,,,,,,,,,,,,,,,,,,,,
"Перельман, Григорий Яковлевич",,7,,,,,,,,,,,,,,,,,,,,,,,,,,,,,,,
"Персидский, Константин Петрович",,,,,,,,,,,,,,,,,,,,,,,,,,,,,,,,,
"Петерсон, Карл Михайлович",,,,,,,,,,,,,,,,,,,,,,,,,,,,,,,,,
"Петрик, Александр Иванович",,,,,,,,,,,,,,,,,,,,,,,,,,,,,,,,,
"Петришин, Вальтер Володимир",,,,,,,,,,,,,,,,,,,,,,,,,,,,,,,,,
"Петров, Александр Александрович (математик)",,,,,,,,,,,,,,,,,,,,,,,,,,,,,,,,,
"Петров, Александр Павлович (математик)",,,,,,,,,,,,,,,,,,,,,,,,,,,,,,,,,
"Петров, Алексей Зиновьевич",,,,,,,,,,,,,,,,,,,,,,,,,,,,,,,,,
"Петров, Вячеслав Васильевич",,,,,,,,,,,,,,,,,,,,,,,,,,,,,,,,,
"Петров, Николай Николаевич (математик)",,,,,,,,,,,,,,,,,,,,,,,,,,,,,,,,,
"Петровский, Иван Георгиевич",,,,,,,,,,,,,,,,,,,,,,,,,,,,,,,,,
"Петросян, Гарегин Бахшиевич",,,,,,,,,,,,,,,,,,,,,,,,,,,,,,,,,
"Петунин, Юрий Иванович",,,,,,,,,,,,,,,,,,,,,,,,,,,,,,,,,
"Пикус, Давид Львович",,,,,,,,,,,,,,,,,,,,,,,,,,,,,,,,,
"Пименов, Револьт Иванович",,,,,,,,,,,,,,,,,,,,,,,,,,,,,,,,,
"Пинскер, Марк Семёнович",,,,,,,,,,,,,,,,,,,,,,,,,,,,,,,,,
"Пионтковский, Андрей Андреевич (публицист)",,,,,,,,,,,,,,,,,,,,,,,,,,,,,,,,,
"Пискунов, Николай Семёнович",,,,,,,,,,,,,,,,,,,,,,,,,,,,,,,,,
"Питербарг, Владимир Ильич",,,,,,,,,,,,,,,,,,,,,,,,,,,,,,,,,
"Платонов, Владимир Петрович",,,,,,,,,,,,,,,,,,,,,,,,,,,,,,,,,
"Плеснер, Абрам Иезекиилович",,,,,,,,,,,,,,,,,,,,,,,,,,,,,,,,,
"Плоткин, Борис Исаакович",,,,,,,,,,,,,,,,,,,,,,,,,,,,,,,,,
"Плоткин, Евгений Борисович",,,,,,,,,,,,,,,,,,,,,,,,,,,,,,,,,
"Плотников, Павел Игоревич",,,,,,,,,,,,,,,,,,,,,,,,,,,,,,,,,
"Поваров, Геллий Николаевич",,,,,,,,,,,,,,,,,,,,,,,,,,,,,,,,,
"Погожев, Иван Борисович",,,,,,,,,,,,,,,,,,,,,,,,,,,,,,,,,
"Погорелов, Алексей Васильевич",,,,,,,,,,,,,,,,,,,,,,,,,,,,,,,,,
"Погорельский, Платон Николаевич",,,,,,,,,,,,,,,,,,,,,,,,,,,,,,,,,
"Подолинский, Сергей Андреевич",,,,,,,,,,,,,,,,,,,,,,,,,,,,,,,,,
"Полуэктов, Ратмир Александрович",,,,,,,,,,,,,,,,,,,,,,,,,,,,,,,,,
"Полянин, Андрей Дмитриевич",,,,,,,,,,,,,,,,,,,,,,,,,,,,,,,,,
"Понтрягин, Лев Семёнович",,,,,,,,,,,,,,,,,,,,,,,,,,,,,,,,,
"Попов, Александр Михайлович (учёный)",,,,,,,,,,,,,,,,,,,,,,,,,,,,,,,,,
"Попов, Александр Фёдорович (математик)",,,,,,,,,,,,,,,,,,,,,,,,,,,,,,,,,
"Попов, Юрий Петрович",,,,,,,,,,,,,,,,,,,,,,,,,,,,,,,,,
"Попова, Наталья Сергеевна",,,,,,,,,,,,,,,,,,,,,,,,,,,,,,,,,
"Порецкий, Платон Сергеевич",,,,,,,,,,,,,,,,,,,,,,,,,,,,,,,,,
"Поспелов, Игорь Гермогенович",,,,,,,,,,,,,,,,,,,,,,,,,,,,,,,,,
"Поссе, Константин Александрович",,,,,,,,,,,,,,,,,,,,,,,,,,,,,,,,,
"Постников, Михаил Михайлович",,,,,,,,,,,,,,,,,,,,,,,,,,,,,,,,,
"Похожаев, Станислав Иванович",,,,,,,,,,,,,,,,,,,,,,,,,,,,,,,,,
"Прасолов, Виктор Васильевич",,,,,,,,,,,,,,,,,,,,,,,,,,,,,,,,,
"Преображенский, Владимир Васильевич",,,,,,,,,,,,,,,,,,,,,,,,,,,,,,,,,
"Привалов, Иван Иванович",,,,,,,,,,,,,,,,,,,,,,,,,,,,,,,,,
"Протасов, Владимир Юрьевич",,,,,,,,,,,,,,,,,,,,,,,,,,,,,,,,,
"Прохоров, Юрий Васильевич",,,,,,,,,,,,,,,,,,,,,,,,,,,,,,,,,
"Прудников, Анатолий Платонович",,,,,,,,,,,,,,,,,,,,,,,,,,,,,,,,,
"Пфейффер, Георгий Васильевич",,,,,,,,,,,,,,,,,,,,,,,,,,,,,,,,,
"Пятецкий-Шапиро, Илья Иосифович",,,,,,,,,,,,,,,,,,,,,,,,,,,,,,,,,
"Пятосин, Иосиф Степанович",,,,,,,,,,,,,,,,,,,,,,,,,,,,,,,,,
"Разборов, Александр Александрович",,2,0,0,1963,2011,10 042,27,38,5,2105,0,2,8,,7,,,,,,,86,1467,21,Разборов Александр Александрович,85,156,4997,,,,
"Размадзе, Андрей Михайлович",,1,1,1,1889,2008,3738,13,28,0,574,0,4,6,,3,,,,,,,,,,,,,,,,,
"Райгородский, Андрей Михайлович",,2,0,0,1976,2012,10431,25,44,0,8280,0,2,79,,1,,,,,,,184,1614,17,Райгородский Андрей Михайлович,60,530,16356,,,,1
"Райков, Дмитрий Абрамович",,3,0,0,1905,2015,12601,5,16,0,446,0,2,5,,2,,,,,,,,,,Райков Дмитрий Абрамович,26,45,5309,,,,1
"Рассказова, Вера Владимировна",,1,,,,,,,,,,,,,,,,,,,,,,,,,,,,,,,
"Ратнер, Марина Евсеевна",,2,0,0,1938,2014,8227,8,31,6,979,0,3,5,,1,,,,,,,,,,,,,,,,,
"Рахманинов, Иван Иванович",,1,,,,,,,,,,,,,,,,,,,,,,,,,,,,,,,
"Рачинский, Сергей Александрович",,1,,,,,,,,,,,,,,,,,,,,,,,,,,,,,,,
"Рашевский, Пётр Константинович",,4,0,0,1983,2011,18061,18,59,1,1711,0,5,17,,2,,,,,,,,,,"Рашевский, Пётр Константинович",26,42,8240,,,,0
"Рвачёв, Владимир Логвинович",,3,0,0,1926,2009,20439,14,60,1,1023,0,9,8,,5,,,,,,,,,,"Рвачёв, Владимир Логвинович",15,,378,,,,0
"Ремез, Евгений Яковлевич",,1,0,0,1896,2011,3287,17,29,5,552,0,2,6,,1,,,,,,,,,,"Ремез, Евгений Яковлевич",3,,754,,,,0
"Ремесленников, Владимир Никанорович",,1,0,0,1936,2016,6834,5,10,0,472,0,2,2,,4,,,,,,,131,1438,14,Ремесленников Владимир Никанорович,163,149,4708,,,,1
"Ретах, Владимир Соломонович",,1,0,0,1948,2011,8262,13,28,1,336,0,2,2,,4,,,,,,,,,,Ретах Владимир Соломонович,14,102,5239,,,,1
"Решетняк, Юрий Григорьевич",,1,0,0,1929,2007,11414,30,56,1,1655,0,6,19,,7,,,,,,,94,647,10,Решетняк Юрий Григорьевич,25,150,25463,,,,0
"Рипс, Илья Аронович",,1,0,0,1948,2010,7601,27,44,12,2321,0,5,9,,6,,,,,,,,,,,,,,,,,0
"Рогов, Андрей Петрович",,1,,,,,,,,,,,,,,,,,,,,,,,,,,,,,,,
"Розенберг, Вера Михайловна",,1,0,0,1894,2016,6621,6,22,0,481,0,2,4,,0,,,,,,,,,,,,,,,,,0
"Розенфельд, Борис Абрамович",,1,0,0,1917,2009,17821,24,94,2,1533,0,2,67,,0,,,,,,,45,626,9,,,,,,,,0
"Розов, Николай Христович",,2,0,0,1938,2012,14002,13,66,0,1160,0,2,10,,5,,,,,,,,,,Розов Николай Христович,103,413,30385,,,,1
"Романко, Василий Кириллович",,1,0,0,1936,2016,12302,9,41,0,880,0,3,4,,3,,,,,,,,,,Романко Василий Кириллович,13,6,252,,,,1
"Романов, Владимир",,,,,,,,,,,,,,,,,,,,,,,,,,,,,,,,,
"Романов, Николай Павлович (математик)",,1,0,0,1907,2011,8490,15,40,,,0,0,,,,,,,,,,,,,,,,,,,,
"Романовский, Всеволод Иванович",,1,1,1,1879,2007,8009,36,66,,,0,5,,,,,,,,,,,,,,,,,,,,
"Ромер, Павел Эмилиевич",,1,,,,,,,,,,,,,,,,,,,,,,,,,,,,,,,
"Россинский, Сергей Дмитриевич",,1,0,0,1890,2011,2025,5,7,,,0,2,,,,,,,,,,,,,,,,,,,,
"Рохлин, Владимир Абрамович",,2,0,0,1919,2007,11872,40,67,,,0,4,,,,,,,,,,,,,,,,,,,,
"Рудаков, Игорь Алексеевич",,1,,,,,,,,,,,,,,,,,,,,,,,,,,,,,,,
"Рудаков, Константин Владимирович",,1,,,,,,,,,,,,,,,,,,,,,,,,,,,,,,,
"Румовский, Степан Яковлевич",,1,,,,,,,,,,,,,,,,,,,,,,,,,,,,,,,
"Русаков, Сергей Владимирович",,1,,,,,,,,,,,,,,,,,,,,,,,,,,,,,,,
"Руссман, Исаак Борисович",,1,,,,,,,,,,,,,,,,,,,,,,,,,,,,,,,
"Рыбников, Константин Алексеевич",,,,,,,,,,,,,,,,,,,,,,,,,,,,,,,,,
"Рышков, Сергей Сергеевич",,2,,,,,,,,,,,,,,,,,,,,,,,,,,,,,,,
"Рябенький, Виктор Соломонович",,1,,,,,,,,,,,,,,,,,,,,,,,,,,,,,,,
"Сабинин, Егор Фёдорович",,1,,,,,,,,,,,,,,,,,,,,,,,,,,,,,,,
"Сабинин, Лев Васильевич",,1,,,,,,,,,,,,,,,,,,,,,,,,,,,,,,,
"Сабитов, Иджад Хакович",,3,,,,,,,,,,,,,,,,,,,,,,,,,,,,,,,
"Савватеев, Алексей Владимирович",,1,,,,,,,,,,,,,,,,,,,,,,,,,,,,,,,
"Савич, Сергей Евгеньевич",,1,,,,,,,,,,,,,,,,,,,,,,,,,,,,,,,
"Садовничий, Виктор Антонович",,1,,,,,,,,,,,,,,,,,,,,,,,,,,,,,,,
"Садыхов, Мисреддин Аллахверди оглы",,1,,,,,,,,,,,,,,,,,,,,,,,,,,,,,,,
"Сазонов, Анатолий Ефимович",,1,,,,,,,,,,,,,,,,,,,,,,,,,,,,,,,
"Сазонов, Вячеслав Васильевич",,1,,,,,,,,,,,,,,,,,,,,,,,,,,,,,,,
"Салихов, Владислав Хасанович",,,,,,,,,,,,,,,,,,,,,,,,,,,,,,,,,
"Салтыков, Николай Николаевич",,,,,,,,,,,,,,,,,,,,,,,,,,,,,,,,,
"Самарский, Александр Андреевич",,,,,,,,,,,,,,,,,,,,,,,,,,,,,,,,,
"Самойленко, Анатолий Михайлович (математик)",,1,,,,,,,,,,,,,,,,,,,,,,,,,,,,,,,
"Самойленко, Юрий Стефанович",,3,,,,,,,,,,,,,,,,,,,,,,,,,,,,,,,
"Свешников, Алексей Георгиевич",,2,,,,,,,,,,,,,,,,,,,,,,,,,,,,,,,
"Севастьянов, Борис Александрович",,1,,,,,,,,,,,,,,,,,,,,,,,,,,,,,,,
"Сегал, Бенцион Израилевич",,1,,,,,,,,,,,,,,,,,,,,,,,,,,,,,,,
"Седов, Леонид Иванович",,,,,,,,,,,,,,,,,,,,,,,,,,,,,,,,,
"Селиванов, Дмитрий Фёдорович",,1,,,,,,,,,,,,,,,,,,,,,,,,,,,,,,,
"Селькин, Михаил Васильевич",,1,,,,,,,,,,,,,,,,,,,,,,,,,,,,,,,
"Семёнов, Алексей Львович",,1,,,,,,,,,,,,,,,,,,,,,,,,,,,,,,,
"Семёнычев, Валерий Константинович",,1,,,,,,,,,,,,,,,,,,,,,,,,,,,,,,,
"Семихатов, Алексей Михайлович",,1,,,,,,,,,,,,,,,,,,,,,,,,,,,,,,,
"Сендеров, Валерий Анатольевич",,1,,,,,,,,,,,,,,,,,,,,,,,,,,,,,,,
"Сергеев, Армен Глебович",,1,,,,,,,,,,,,,,,,,,,,,,,,,,,,,,,
"Серебряков, Владимир Алексеевич (математик)",,1,,,,,,,,,,,,,,,,,,,,,,,,,,,,,,,
"Сибирский, Константин Сергеевич",,1,,,,,,,,,,,,,,,,,,,,,,,,,,,,,,,
"Сигал, Израиль Хаимович",,1,,,,,,,,,,,,,,,,,,,,,,,,,,,,,,,
"Сидоров, Анатолий Фёдорович",,2,,,,,,,,,,,,,,,,,,,,,,,,,,,,,,,
"Синай, Яков Григорьевич",,,,,,,,,,,,,,,,,,,,,,,,,,,,,,,,,
"Сканави, Марк Иванович",,1,,,,,,,,,,,,,,,,,,,,,,,,,,,,,,,
"Скворцов, Владимир Викторович",,1,,,,,,,,,,,,,,,,,,,,,,,,,,,,,,,
"Скоробогатов, Алексей Николаевич",,1,,,,,,,,,,,,,,,,,,,,,,,,,,,,,,,
"Скрыпник, Игорь Владимирович",,3,,,,,,,,,,,,,,,,,,,,,,,,,,,,,,,
"Скубенко, Борис Фадеевич",,1,,,,,,,,,,,,,,,,,,,,,,,,,,,,,,,
"Слободянский, Михаил Григорьевич",,,,,,,,,,,,,,,,,,,,,,,,,,,,,,,,,
"Слонимский, Зиновий Яковлевич",,,,,,,,,,,,,,,,,,,,,,,,,,,,,,,,,
"Слудский, Фёдор Алексеевич",,1,,,,,,,,,,,,,,,,,,,,,,,,,,,,,,,
"Слуцкий, Евгений Евгеньевич",,2,,,,,,,,,,,,,,,,,,,,,,,,,,,,,,,
"Смелянский, Руслан Леонидович",,1,,,,,,,,,,,,,,,,,,,,,,,,,,,,,,,
"Смирнов, Владимир Иванович (математик)",,4,,,,,,,,,,,,,,,,,,,,,,,,,,,,,,,
"Смирнов, Николай Васильевич (математик)",,3,,,,,,,,,,,,,,,,,,,,,,,,,,,,,,,
"Смирнов, Станислав Константинович",,2,,,,,,,,,,,,,,,,,,,,,,,,,,,,,,,
"Смолицкий, Хаим Львович",,,,,,,,,,,,,,,,,,,,,,,,,,,,,,,,,
"Соболев, Владимир Иванович (математик)",,1,,,,,,,,,,,,,,,,,,,,,,,,,,,,,,,
"Соболев, Сергей Львович",,7,,,,,,,,,,,,,,,,,,,,,,,,,,,,,,,
"Соболь, Илья Меерович",,1,,,,,,,,,,,,,,,,,,,,,,,,,,,,,,,
"Соколов, Владимир Вячеславович",,1,,,,,,,,,,,,,,,,,,,,,,,,,,,,,,,
"Соколов, Юрий Дмитриевич",,1,,,,,,,,,,,,,,,,,,,,,,,,,,,,,,,
"Соловьёв, Александр Дмитриевич",,1,,,,,,,,,,,,,,,,,,,,,,,,,,,,,,,
"Соловьёв, Валерий Дмитриевич",,1,,,,,,,,,,,,,,,,,,,,,,,,,,,,,,,
"Солодовников, Владимир Викторович",,,,,,,,,,,,,,,,,,,,,,,,,,,,,,,,,
"Солонников, Всеволод Алексеевич",,1,,,,,,,,,,,,,,,,,,,,,,,,,,,,,,,
"Солтан, Валерий Петрович",,1,,,,,,,,,,,,,,,,,,,,,,,,,,,,,,,
"Сомов, Осип Иванович",,3,,,,,,,,,,,,,,,,,,,,,,,,,,,,,,,
"Сонин, Николай Яковлевич",,5,,,,,,,,,,,,,,,,,,,,,,,,,,,,,,,
"Сосинский, Алексей Брониславович",,1,,,,,,,,,,,,,,,,,,,,,,,,,,,,,,,
"Софронов, Михаил (математик)",,,,,,,,,,,,,,,,,,,,,,,,,,,,,,,,,
"Сохоцкий, Юлиан Васильевич",,4,,,,,,,,,,,,,,,,,,,,,,,,,,,,,,,
"Сретенский, Леонид Николаевич",,1,,,,,,,,,,,,,,,,,,,,,,,,,,,,,,,
"Станевич, Виктор",,1,,,,,,,,,,,,,,,,,,,,,,,,,,,,,,,
"Статулявичус, Витаутас Антанович",,3,,,,,,,,,,,,,,,,,,,,,,,,,,,,,,,
"Стебаков, Сергей Александрович",,1,,,,,,,,,,,,,,,,,,,,,,,,,,,,,,,
"Стеклов, Владимир Андреевич",,6,,,,,,,,,,,,,,,,,,,,,,,,,,,,,,,
"Степанец, Александр Иванович",,5,,,,,,,,,,,,,,,,,,,,,,,,,,,,,,,
"Степанов, Вячеслав Васильевич",,3,,,,,,,,,,,,,,,,,,,,,,,,,,,,,,,
"Стёпин, Анатолий Михайлович",,1,,,,,,,,,,,,,,,,,,,,,,,,,,,,,,,
"Стечкин, Сергей Борисович",,6,,,,,,,,,,,,,,,,,,,,,,,,,,,,,,,
"Столяр, Абрам Аронович",,1,,,,,,,,,,,,,,,,,,,,,,,,,,,,,,,
"Стратонович, Руслан Леонтьевич",,5,,,,,,,,,,,,,,,,,,,,,,,,,,,,,,,
"Стрекаловский, Александр Сергеевич",,,,,,,,,,,,,,,,,,,,,,,,,,,,,,,,,
"Стрельцов, Владимир Викторович",,1,,,,,,,,,,,,,,,,,,,,,,,,,,,,,,,
"Стронгин, Роман Григорьевич",,1,,,,,,,,,,,,,,,,,,,,,,,,,,,,,,,
"Субботин, Андрей Измайлович",,,,,,,,,,,,,,,,,,,,,,,,,,,,,,,,,
"Субботин, Юрий Николаевич",,3,,,,,,,,,,,,,,,,,,,,,,,,,,,,,,,
"Субботовская, Белла Абрамовна",,1,,,,,,,,,,,,,,,,,,,,,,,,,,,,,,,
"Субханкулов, Магалим Акрамович",,1,,,,,,,,,,,,,,,,,,,,,,,,,,,,,,,
"Суворов, Георгий Дмитриевич",,,,,,,,,,,,,,,,,,,,,,,,,,,,,,,,,
"Суворов, Прохор Игнатьевич",,1,,,,,,,,,,,,,,,,,,,,,,,,,,,,,,,
"Суворов, Фёдор Матвеевич",,1,,,,,,,,,,,,,,,,,,,,,,,,,,,,,,,
"Сулицкий, Владимир Николаевич",,1,,,,,,,,,,,,,,,,,,,,,,,,,,,,,,,
"Султанаев, Яудат Талгатович",,,,,,,,,,,,,,,,,,,,,,,,,,,,,,,,,
"Султангазин, Умирзак Махмутович",,1,,,,,,,,,,,,,,,,,,,,,,,,,,,,,,,
"Суслин, Андрей Александрович",,3,,,,,,,,,,,,,,,,,,,,,,,,,,,,,,,
"Суслин, Михаил Яковлевич",,,,,,,,,,,,,,,,,,,,,,,,,,,,,,,,,
"Суслонов, Владимир Михайлович",,1,,,,,,,,,,,,,,,,,,,,,,,,,,,,,,,
"Сушков, Борис Григорьевич",,,,,,,,,,,,,,,,,,,,,,,,,,,,,,,,,
"Тайманов, Асан Дабсович",,,,,,,,,,,,,,,,,,,,,,,,,,,,,,,,,
"Тайманов, Искандер Асанович",,,,,,,,,,,,,,,,,,,,,,,,,,,,,,,,,
"Тайминя, Дайна",,,,,,,,,,,,,,,,,,,,,,,,,,,,,,,,,
"Тайцлин, Михаил Абрамович",,,,,,,,,,,,,,,,,,,,,,,,,,,,,,,,,
"Тамаркин, Яков Давидович",,,,,,,,,,,,,,,,,,,,,,,,,,,,,,,,,
"Тамразов, Промарз Меликович",,,,,,,,,,,,,,,,,,,,,,,,,,,,,,,,,
"Танаев, Вячеслав Сергеевич",,,,,,,,,,,,,,,,,,,,,,,,,,,,,,,,,
"Таран, Татьяна Архиповна",,,,,,,,,,,,,,,,,,,,,,,,,,,,,,,,,
"Таранников, Юрий Валерьевич",,,,,,,,,,,,,,,,,,,,,,,,,,,,,,,,,
"Тартаковский, Владимир Абрамович",,,,,,,,,,,,,,,,,,,,,,,,,,,,,,,,,
"Тарунин, Евгений Леонидович",,,,,,,,,,,,,,,,,,,,,,,,,,,,,,,,,
"Татаринов, Ярослав Всеволодович",,,,,,,,,,,,,,,,,,,,,,,,,,,,,,,,,
"Твардовский, Осип Петрович",,,,,,,,,,,,,,,,,,,,,,,,,,,,,,,,,
"Тер-Крикоров, Александр Мартынович",,,,,,,,,,,,,,,,,,,,,,,,,,,,,,,,,
"Тихомандрицкий, Матвей Александрович",,,,,,,,,,,,,,,,,,,,,,,,,,,,,,,,,
"Тихомиров, Владимир Михайлович",,,,,,,,,,,,,,,,,,,,,,,,,,,,,,,,,
"Тихонов, Андрей Николаевич",,,,,,,,,,,,,,,,,,,,,,,,,,,,,,,,,
"Тишкин, Владимир Фёдорович",,,,,,,,,,,,,,,,,,,,,,,,,,,,,,,,,
"Товстик, Пётр Евгеньевич",,,,,,,,,,,,,,,,,,,,,,,,,,,,,,,,,
"Толстова, Юлиана Николаевна",,,,,,,,,,,,,,,,,,,,,,,,,,,,,,,,,
"Топоногов, Виктор Андреевич",,,,,,,,,,,,,,,,,,,,,,,,,,,,,,,,,
"Трахтенберг, Яков",,,,,,,,,,,,,,,,,,,,,,,,,,,,,,,,,
"Трахтенброт, Борис Авраамович",,,,,,,,,,,,,,,,,,,,,,,,,,,,,,,,,
"Трахтман, Абрам Наумович",,,,,,,,,,,,,,,,,,,,,,,,,,,,,,,,,
"Треногин, Владилен Александрович",,,,,,,,,,,,,,,,,,,,,,,,,,,,,,,,,
"Третьяков, Владимир Евгеньевич",,,,,,,,,,,,,,,,,,,,,,,,,,,,,,,,,
"Трещёв, Дмитрий Валерьевич",,,,,,,,,,,,,,,,,,,,,,,,,,,,,,,,,
"Тузиков, Александр Васильевич",,,,,,,,,,,,,,,,,,,,,,,,,,,,,,,,,
"Тумаркин, Лев Абрамович",,,,,,,,,,,,,,,,,,,,,,,,,,,,,,,,,
"Турецкий, Абрам Хаимович",,,,,,,,,,,,,,,,,,,,,,,,,,,,,,,,,
"Турчин, Валентин Фёдорович",,,,,,,,,,,,,,,,,,,,,,,,,,,,,,,,,
"Тутубалин, Валерий Николаевич",,,,,,,,,,,,,,,,,,,,,,,,,,,,,,,,,
"Тыртышников, Евгений Евгеньевич",,,,,,,,,,,,,,,,,,,,,,,,,,,,,,,,,
"Тюрин, Андрей Николаевич",,,,,,,,,,,,,,,,,,,,,,,,,,,,,,,,,
"Тюрин, Юрий Николаевич",,,,,,,,,,,,,,,,,,,,,,,,,,,,,,,,,
"Тюрина, Галина Николаевна",,,,,,,,,,,,,,,,,,,,,,,,,,,,,,,,,
"Ульянов, Владимир Васильевич",,,,,,,,,,,,,,,,,,,,,,,,,,,,,,,,,
"Ульянов, Пётр Лаврентьевич",,,,,,,,,,,,,,,,,,,,,,,,,,,,,,,,,
"Умирбаев, Уалбай Утмаханбетович",,,,,,,,,,,,,,,,,,,,,,,,,,,,,,,,,
"Уральцева, Нина Николаевна",,,,,,,,,,,,,,,,,,,,,,,,,,,,,,,,,
"Урысон, Павел Самуилович",,,,,,,,,,,,,,,,,,,,,,,,,,,,,,,,,
"Успенский, Владимир Андреевич",,,,,,,,,,,,,,,,,,,,,,,,,,,,,,,,,
"Успенский, Яков Викторович",,,,,,,,,,,,,,,,,,,,,,,,,,,,,,,,,
"Ушаков, Владимир Николаевич",,,,,,,,,,,,,,,,,,,,,,,,,,,,,,,,,
"Фабрикант, Валерий Иосифович",0,1,,,,,,,,,,,,,,,,,,,,,,,,,,,,,,,
"Фаддеев, Дмитрий Константинович",,,,,,2006,9038,,58,,3332,0,6,19,21,2,,,,,,,,,,,,,,,,,
"Фаддеев, Людвиг Дмитриевич",,,,,,,,,,,,,,,,,,,,,,,,,,,,,,,,,
"Файнзильбер, Александр Маркович",,,,,,,,,,,,,,,,,,,,,,,,,,,,,,,,,
"Фарварсон, Генри",,,,,,,,,,,,,,,,,,,,,,,,,,,,,,,,,
"Федоренко, Радий Петрович",,,,,,,,,,,,,,,,,,,,,,,,,,,,,,,,,
"Фёдоров, Владимир Семёнович",,,,,,,,,,,,,,,,,,,,,,,,,,,,,,,,,
"Фёдоров, Илья (бакалавр Московского университета)",,,,,,,,,,,,,,,,,,,,,,,,,,,,,,,,,
"Федорук, Михаил Петрович",,,,,,,,,,,,,,,,,,,,,,,,,,,,,,,,,
"Федорчук, Виталий Витальевич",,,,,,,,,,,,,,,,,,,,,,,,,,,,,,,,,
"Фейгин, Борис Львович",,,,,,,,,,,,,,,,,,,,,,,,,,,,,,,,,
"Фельдман, Израиль Аронович",,,,,,,,,,,,,,,,,,,,,,,,,,,,,,,,,
"Фет, Абрам Ильич",,,,,,,,,,,,,,,,,,,,,,,,,,,,,,,,,
"Филиппов, Алексей Фёдорович (учёный)",,,,,,,,,,,,,,,,,,,,,,,,,,,,,,,,,
"Филиппов, Владимир Михайлович",,,,,,,,,,,,,,,,,,,,,,,,,,,,,,,,,
"Фиников, Сергей Павлович",,,,,,,,,,,,,,,,,,,,,,,,,,,,,,,,,
"Фихтенгольц, Григорий Михайлович",,,,,,,,,,,,,,,,,,,,,,,,,,,,,,,,,
"Флейшман, Бенцион Шимонович",,,,,,,,,,,,,,,,,,,,,,,,,,,,,,,,,
"Фоменко, Анатолий Тимофеевич",,,,,,,,,,,,,,,,,,,,,,,,,,,,,,,,,
"Фомин, Владимир Николаевич (математик)",,,,,,,,,,,,,,,,,,,,,,,,,,,,,,,,,
"Фомин, Сергей Васильевич",,,,,,,,,,,,,,,,,,,,,,,,,,,,,,,,,
"Фомин, Сергей Владимирович (математик)",,,,,,,,,,,,,,,,,,,,,,,,,,,,,,,,,
"Фон-дер-Флаасс, Дмитрий Германович",,,,,,,,,,,,,,,,,,,,,,,,,,,,,,,,,
"Франк, Михаил Людвигович",,,,,,,,,,,,,,,,,,,,,,,,,,,,,,,,,
"Фрейвалдс, Русиньш Мартыньш",,,,,,,,,,,,,,,,,,,,,,,,,,,,,,,,,
"Френкель, Игорь Борисович",,,,,,,,,,,,,,,,,,,,,,,,,,,,,,,,,
"Фридман, Александр Александрович",,,,,,,,,,,,,,,,,,,,,,,,,,,,,,,,,
"Фролов, Николай Адрианович",,,,,,,,,,,,,,,,,,,,,,,,,,,,,,,,,
"Фукс, Дмитрий Борисович",,,,,,,,,,,,,,,,,,,,,,,,,,,,,,,,,
"Фурсиков, Андрей Владимирович",,,,,,,,,,,,,,,,,,,,,,,,,,,,,,,,,
"Фусс, Николай Иванович",,,,,,,,,,,,,,,,,,,,,,,,,,,,,,,,,
"Фусс, Павел Николаевич",,,,,,,,,,,,,,,,,,,,,,,,,,,,,,,,,
"Хазанкин, Роман Григорьевич",,,,,,,,,,,,,,,,,,,,,,,,,,,,,,,,,
"Халилов, Захид Исмаил оглы",,,,,,,,,,,,,,,,,,,,,,,,,,,,,,,,,
"Хачиян, Леонид Генрихович",,,,,,,,,,,,,,,,,,,,,,,,,,,,,,,,,
"Хеннер, Евгений Карлович",,,,,,,,,,,,,,,,,,,,,,,,,,,,,,,,,
"Хинчин, Александр Яковлевич",,,,,,,,,,,,,,,,,,,,,,,,,,,,,,,,,
"Хованов, Николай Васильевич",,,,,,,,,,,,,,,,,,,,,,,,,,,,,,,,,
"Хованский, Аскольд Георгиевич",,,,,,,,,,,,,,,,,,,,,,,,,,,,,,,,,
"Холево, Александр Семёнович",,,,,,,,,,,,,,,,,,,,,,,,,,,,,,,,,
"Холодов, Александр Сергеевич",,,,,,,,,,,,,,,,,,,,,,,,,,,,,,,,,
"Хорол, Давид Моисеевич",,,,,,,,,,,,,,,,,,,,,,,,,,,,,,,,,
"Хохлюк, Виталий Иванович",,,,,,,,,,,,,,,,,,,,,,,,,,,,,,,,,
"Христиани, Николай Васильевич",,,,,,,,,,,,,,,,,,,,,,,,,,,,,,,,,
"Христианович, Сергей Алексеевич",,,,,,,,,,,,,,,,,,,,,,,,,,,,,,,,,
"Хруслов, Евгений Яковлевич",,,,,,,,,,,,,,,,,,,,,,,,,,,,,,,,,
"Худяев, Сергей Иванович",,,,,,,,,,,,,,,,,,,,,,,,,,,,,,,,,
"Хургин, Яков Исаевич",,,,,,,,,,,,,,,,,,,,,,,,,,,,,,,,,
"Цветков, Яков Яковлевич",,,,,,,,,,,,,,,,,,,,,,,,,,,,,,,,,
"Цетлин, Михаил Львович",,,,,,,,,,,,,,,,,,,,,,,,,,,,,,,,,
"Циммерман, Владимир Акимович",,,,,,,,,,,,,,,,,,,,,,,,,,,,,,,,,
"Цингер, Василий Яковлевич",,,,,,,,,,,,,,,,,,,,,,,,,,,,,,,,,
"Цирельсон, Борис Семёнович",,,,,,,,,,,,,,,,,,,,,,,,,,,,,,,,,
"Цфасман, Михаил Анатольевич",,,,,,,,,,,,,,,,,,,,,,,,,,,,,,,,,
"Цыганков, Иван Власович",,,,,,,,,,,,,,,,,,,,,,,,,,,,,,,,,
"Чаплыгин, Сергей Алексеевич",,,,,,,,,,,,,,,,,,,,,,,,,,,,,,,,,
"Чарный, Исаак Абрамович",,,,,,,,,,,,,,,,,,,,,,,,,,,,,,,,,
"Чеботарёв, Николай Григорьевич",,,,,,,,,,,,,,,,,,,,,,,,,,,,,,,,,
"Чебраков, Юрий Владимирович",,,,,,,,,,,,,,,,,,,,,,,,,,,,,,,,,
"Чебышёв, Пафнутий Львович",,,,,,,,,,,,,,,,,,,,,,,,,,,,,,,,,
"Ченцов, Александр Георгиевич",,,,,,,,,,,,,,,,,,,,,,,,,,,,,,,,,
"Червоненкис, Алексей Яковлевич",,,,,,,,,,,,,,,,,,,,,,,,,,,,,,,,,
"Чередник, Иван Владимирович",,,,,,,,,,,,,,,,,,,,,,,,,,,,,,,,,
"Чернеевский, Николай Степанович",,,,,,,,,,,,,,,,,,,,,,,,,,,,,,,,,
"Черников, Сергей Николаевич",,,,,,,,,,,,,,,,,,,,,,,,,,,,,,,,,
"Чернявский, Владимир Соломонович",,,,,,,,,,,,,,,,,,,,,,,,,,,,,,,,,
"Чесноков, Сергей Валерианович",,,,,,,,,,,,,,,,,,,,,,,,,,,,,,,,,
"Четаев, Николай Гурьевич",,,,,,,,,,,,,,,,,,,,,,,,,,,,,,,,,
"Четверухин, Николай Фёдорович",,,,,,,,,,,,,,,,,,,,,,,,,,,,,,,,,
"Четверушкин, Борис Николаевич",,,,,,,,,,,,,,,,,,,,,,,,,,,,,,,,,
"Чехлов, Валерий Иванович",,,,,,,,,,,,,,,,,,,,,,,,,,,,,,,,,
"Чижов, Дмитрий Семёнович",,,,,,,,,,,,,,,,,,,,,,,,,,,,,,,,,
"Чирка, Евгений Михайлович",,,,,,,,,,,,,,,,,,,,,,,,,,,,,,,,,
"Чистяков, Иоасаф Иванович",,,,,,,,,,,,,,,,,,,,,,,,,,,,,,,,,
"Чубариков, Владимир Николаевич",,,,,,,,,,,,,,,,,,,,,,,,,,,,,,,,,
"Чудаков, Николай Григорьевич",,,,,,,,,,,,,,,,,,,,,,,,,,,,,,,,,
"Чумаков, Фёдор Иванович",,,,,,,,,,,,,,,,,,,,,,,,,,,,,,,,,
"Чушкин, Павел Иванович",,,,,,,,,,,,,,,,,,,,,,,,,,,,,,,,,
"Шабат, Борис Владимирович",,,,,,,,,,,,,,,,,,,,,,,,,,,,,,,,,
"Шамолин, Максим Владимирович",,,,,,,,,,,,,,,,,,,,,,,,,,,,,,,,,
"Шананин, Александр Алексеевич",,,,,,,,,,,,,,,,,,,,,,,,,,,,,,,,,
"Шанин, Николай Александрович",,,,,,,,,,,,,,,,,,,,,,,,,,,,,,,,,
"Шапиро, Зоря Яковлевна",,,,,,,,,,,,,,,,,,,,,,,,,,,,,,,,,
"Шапошников, Николай Александрович (математик)",,,,,,,,,,,,,,,,,,,,,,,,,,,,,,,,,
"Шарыгин, Игорь Фёдорович",,,,,,,,,,,,,,,,,,,,,,,,,,,,,,,,,
"Шатуновский, Самуил Осипович",,,,,,,,,,,,,,,,,,,,,,,,,,,,,,,,,
"Шафаревич, Андрей Игоревич",,,,,,,,,,,,,,,,,,,,,,,,,,,,,,,,,
"Шафаревич, Игорь Ростиславович",,,,,,,,,,,,,,,,,,,,,,,,,,,,,,,,,
"Шахно, Константин Устинович",,,,,,,,,,,,,,,,,,,,,,,,,,,,,,,,,
"Шварцбурд, Семён Исаакович",,,,,,,,,,,,,,,,,,,,,,,,,,,,,,,,,
"Шевченко, Валерий Николаевич",,,,,,,,,,,,,,,,,,,,,,,,,,,,,,,,,
"Шейнфинкель, Моисей Эльевич",,,,,,,,,,,,,,,,,,,,,,,,,,,,,,,,,
"Шеметков, Леонид Александрович",,,,,,,,,,,,,,,,,,,,,,,,,,,,,,,,,
"Шень, Александр Ханиевич",,,,,,,,,,,,,,,,,,,,,,,,,,,,,,,,,
"Шестаков, Виктор Иванович",,,,,,,,,,,,,,,,,,,,,,,,,,,,,,,,,
"Шестаков, Иван Павлович",,,,,,,,,,,,,,,,,,,,,,,,,,,,,,,,,
"Шефель, Самуил Зусевич",,,,,,,,,,,,,,,,,,,,,,,,,,,,,,,,,
"Шидловский, Андрей Борисович",,,,,,,,,,,,,,,,,,,,,,,,,,,,,,,,,
"Шилов, Георгий Евгеньевич",,,,,,,,,,,,,,,,,,,,,,,,,,,,,,,,,
"Шилькрут, Давид Исаакович",,,,,,,,,,,,,,,,,,,,,,,,,,,,,,,,,
"Шильников, Леонид Павлович",,,,,,,,,,,,,,,,,,,,,,,,,,,,,,,,,
"Широков, Пётр Алексеевич",,,,,,,,,,,,,,,,,,,,,,,,,,,,,,,,,
"Широков, Юрий Михайлович",,,,,,,,,,,,,,,,,,,,,,,,,,,,,,,,,
"Ширшов, Анатолий Илларионович",,,,,,,,,,,,,,,,,,,,,,,,,,,,,,,,,
"Ширяев, Альберт Николаевич",,,,,,,,,,,,,,,,,,,,,,,,,,,,,,,,,
"Шифрин, Борис Фридманович",,,,,,,,,,,,,,,,,,,,,,,,,,,,,,,,,
"Шифф, Пётр Александрович",,,,,,,,,,,,,,,,,,,,,,,,,,,,,,,,,
"Шишкин, Николай Иванович (физик)",,,,,,,,,,,,,,,,,,,,,,,,,,,,,,,,,
"Шишмарёв, Илья Андреевич",,,,,,,,,,,,,,,,,,,,,,,,,,,,,,,,,
"Шишмарев, Юрий Евгеньевич",,,,,,,,,,,,,,,,,,,,,,,,,,,,,,,,,
"Шкадов, Виктор Яковлевич",,,,,,,,,,,,,,,,,,,,,,,,,,,,,,,,,
"Шклярский, Давид Оскарович",,,,,,,,,,,,,,,,,,,,,,,,,,,,,,,,,
"Шмелёв, Виктор Васильевич",,,,,,,,,,,,,,,,,,,,,,,,,,,,,,,,,
"Шмидт, Отто Юльевич",,,,,,,,,,,,,,,,,,,,,,,,,,,,,,,,,
"Шмульян, Витольд Лювович",,,,,,,,,,,,,,,,,,,,,,,,,,,,,,,,,
"Шмульян, Юрий Львович",,,,,,,,,,,,,,,,,,,,,,,,,,,,,,,,,
"Шнирельман, Лев Генрихович",,,,,,,,,,,,,,,,,,,,,,,,,,,,,,,,,
"Шноль, Эммануил Эльевич",,,,,,,,,,,,,,,,,,,,,,,,,,,,,,,,,
"Шокуров, Вячеслав Владимирович",,,,,,,,,,,,,,,,,,,,,,,,,,,,,,,,,
"Шор, Наум Зуселевич",,,,,,,,,,,,,,,,,,,,,,,,,,,,,,,,,
"Шостак, Александр Петрович",,,,,,,,,,,,,,,,,,,,,,,,,,,,,,,,,
"Шохор-Троцкий, Семён Ильич",,,,,,,,,,,,,,,,,,,,,,,,,,,,,,,,,
"Шпильрейн, Ян Николаевич",,,,,,,,,,,,,,,,,,,,,,,,,,,,,,,,,
"Шрейдер, Юлий Анатольевич",,,,,,,,,,,,,,,,,,,,,,,,,,,,,,,,,
"Шрира, Виктор Исаевич",,,,,,,,,,,,,,,,,,,,,,,,,,,,,,,,,
"Штейнбука, Инна",,,,,,,,,,,,,,,,,,,,,,,,,,,,,,,,,
"Штернфельд, Ари Абрамович",,,,,,,,,,,,,,,,,,,,,,,,,,,,,,,,,
"Штокало, Иосиф Захарович",,,,,,,,,,,,,,,,,,,,,,,,,,,,,,,,,
"Шуберт, Фёдор Иванович",,,,,,,,,,,,,,,,,,,,,,,,,,,,,,,,,
"Шумейко, Александр Алексеевич",,,,,,,,,,,,,,,,,,,,,,,,,,,,,,,,,
"Шунков, Владимир Петрович",,,,,,,,,,,,,,,,,,,,,,,,,,,,,,,,,
"Щепкин, Павел Степанович",,,,,,,,,,,,,,,,,,,,,,,,,,,,,,,,,
"Эйлер, Леонард",,9,1,1,1707,2004,196324,370,943,141,145394,94,5,639,517,135,избранная,,,,,,,,,,,,,,,,
"Элиашберг, Яков Матвеевич",,,,,1946,2014,6321,17,27,7,1672,0,3,18,39,22,,,,,,,,,,Элиашберг Яков Матвеевич,12,,3049,,,,
"Энеев, Тимур Магометович",,,1,,1924,2008,26141,49,172,3,2424,0,4,37,114,35,,,,,,,58,538,9,,,,,,,,
"Эпинус, Франц Ульрих Теодор",,,1,,1724,2007,30786,50,97,20,3467,0,6,38,93,35,,,,,,,,,,,,,,,,,
"Эрдниев, Пюрвя Мучкаевич",,,,,1921,2013,13660,19,38,0,2525,0,2,9,32,8,,,,,,,63,1274,11,,,,,,,,
"Эскин, Григорий Ильич",,,,,1936,2014,3047,4,16,2,532,0,2,6,19,4,,,,,,,98,1613,14,Эскин  Григорий Ильич,32,,5236,,,,
"Эфендиев, Мамед Рашид оглы",,,,,1887,2009,4238,14,27,1,382,0,3,7,36,2,,,,,,,,,,,,,,,,,
"Юдин, Давид Беркович",,1,,,1919,2014,11859,13,47,1,900,0,3,7,36,6,,,,,,,,,,Юдин Давид Беркович,13,,1061,,,,
"Юдович, Виктор Иосифович",,1,,,1934,2011,22560,16,35,0,938,0,2,15,112,15,,,,,,,,,,Юдович Виктор Иосифович,44,,10821,,,,
"Юлмухаметов, Ринад Салаватович",,,,,1957,2008,11739,19,30,2,1204,0,5,10,21,7,,,,,,,,,,Юлмухаметов Ринад Салаватович,73,177,10695,,,,
"Яблонский, Сергей Всеволодович",,,,,1924,2006,16077,45,85,2,3799,0,6,39,64,13,,,,,,,,,,Яблонский Сергей Всеволодович,12,,,,,,
"Яглом, Акива Моисеевич",,,,,1921,2010,22977,40,83,7,4696,0,2,37,105,42,,,,,,,,,,Яглом Акива Моисеевич,17,,11516,,,,
"Яглом, Исаак Моисеевич",,1,,,1921,2009,15152,35,74,7,5028,0,6,75,67,28,,,,,,,,,,Яглом Исаак Моисеевич,8,,10380,,,,
"Ядренко, Михаил Иосифович",,,,,1932,2009,21537,32,119,2,444,0,3,7,91,6,,,,,,,,,,,,,,,,,
"Яковлев, Анатолий Владимирович",,1,,,1940,2016,4667,7,11,,565,0,2,9,24,5,,,,,,,39,74,3,Яковлев Вадим Иванович,49,,8178,,,,
"Яковлев, Вадим Иванович",,1,,,1947,2014,18809,13,84,,1062,0,2,30,51,11,,,,,,,,,,,,,,,,,
"Якубович, Владимир Андреевич",,3,,,1926,2006,11208,32,63,2,4747,0,6,24,58,12,,,,,,,274,4486,22,Якубович Владимир Андреевич,60,,8685,,,,
"Яненко, Николай Николаевич",,,1,,1921,2011,80810,43,277,1,2303,0,4,51,181,60,,,,,,,,,,Яненко Николай Николаевич,31,,3694,,,,
"Янишевский, Эраст Петрович",,1,,,1829,2009,5880,22,25,2,807,0,3,17,35,0,,,,,,,,,,,,,,,,,
"Янков, Вадим Анатольевич",,1,,,1935,2006,16758,34,52,1,771,0,6,13,41,15,,,,,,,,,,,,,,,,,
"Яновская, Софья Александровна",,1,,,1896,2010,16293,39,106,11,5061,0,3,45,79,20,,,,,,,,,,,,,,,,,
"Ярошенко, Семён Петрович",,1,,,1846,2008,14570,28,66,1,638,0,9,12,39,4,,,,,,,,,,,,,,,,,
